map,wait_time_s,ping,kills,assists,deaths,mvps,hs_percent,points,result
Mirage,327.0,215.0,17.0,2.0,21.0,2.0,5.0,45.0,Win
Mirage,336.0,199.0,13.0,4.0,24.0,2.0,0.0,40.0,Lost
Mirage,414.0,85.0,15.0,3.0,18.0,3.0,26.0,37.0,Win
Mirage,317.0,93.0,12.0,2.0,15.0,2.0,16.0,30.0,Lost
Mirage,340.0,94.0,33.0,5.0,20.0,5.0,30.0,83.0,Tie
Mirage,391.0,88.0,13.0,2.0,17.0,1.0,38.0,34.0,Lost
Dust II,274.0,89.0,19.0,5.0,24.0,2.0,15.0,52.0,Lost
Mirage,291.0,82.0,17.0,1.0,25.0,0.0,35.0,37.0,Lost
Mirage,184.0,112.0,25.0,10.0,12.0,4.0,16.0,70.0,Win
Mirage,375.0,89.0,13.0,1.0,17.0,0.0,61.0,31.0,Lost
Dust II,208.0,87.0,17.0,4.0,12.0,3.0,47.0,44.0,Win
Cache,157.0,206.0,15.0,1.0,12.0,3.0,0.0,36.0,Win
Cache,426.0,196.0,8.0,2.0,18.0,0.0,0.0,22.0,Lost
Mirage,169.0,110.0,26.0,6.0,20.0,6.0,14.0,71.0,Lost
Cache,277.0,218.0,13.0,5.0,22.0,1.0,30.0,35.0,Win
Dust II,313.0,82.0,17.0,4.0,19.0,3.0,11.0,43.0,Win
Dust II,195.0,142.0,14.0,4.0,12.0,3.0,21.0,36.0,Win
Mirage,372.0,85.0,15.0,7.0,13.0,3.0,13.0,43.0,Win
Dust II,210.0,632.0,13.0,2.0,8.0,1.0,15.0,30.0,Win
Dust II,274.0,84.0,15.0,3.0,20.0,1.0,26.0,43.0,Lost
Cache,443.0,105.0,16.0,5.0,12.0,3.0,55.0,42.0,Win
Mirage,93.0,88.0,19.0,6.0,15.0,2.0,15.0,45.0,Win
Cache,250.0,98.0,11.0,5.0,21.0,4.0,9.0,44.0,Lost
Mirage,131.0,92.0,22.0,2.0,7.0,5.0,18.0,47.0,Win
Mirage,268.0,87.0,10.0,2.0,22.0,2.0,10.0,26.0,Lost
Mirage,319.0,93.0,21.0,6.0,18.0,3.0,14.0,56.0,Win
Mirage,334.0,90.0,12.0,7.0,11.0,2.0,50.0,35.0,Win
Mirage,153.0,95.0,15.0,6.0,12.0,0.0,6.0,39.0,Win
Mirage,529.0,94.0,25.0,1.0,20.0,2.0,24.0,56.0,Tie
Mirage,324.0,563.0,27.0,5.0,20.0,3.0,18.0,65.0,Win
Mirage,442.0,91.0,13.0,2.0,17.0,0.0,38.0,28.0,Lost
Cache,427.0,0.0,16.0,2.0,10.0,2.0,43.0,41.0,Win
Mirage,331.0,99.0,11.0,1.0,18.0,2.0,9.0,25.0,Lost
Cache,521.0,0.0,12.0,5.0,23.0,3.0,41.0,43.0,Lost
Mirage,110.0,104.0,14.0,3.0,15.0,1.0,42.0,31.0,Lost
Mirage,472.0,89.0,11.0,2.0,10.0,1.0,27.0,24.0,Win
Mirage,315.0,101.0,13.0,3.0,18.0,1.0,7.0,30.0,Lost
Mirage,288.0,92.0,24.0,3.0,6.0,6.0,16.0,64.0,Win
Mirage,376.0,88.0,27.0,3.0,21.0,1.0,29.0,64.0,Tie
Cache,503.0,112.0,23.0,3.0,7.0,6.0,21.0,54.0,Win
Mirage,472.0,93.0,6.0,1.0,14.0,0.0,0.0,15.0,Lost
Mirage,261.0,0.0,6.0,5.0,14.0,1.0,16.0,17.0,Win
Mirage,205.0,173.0,10.0,8.0,13.0,1.0,40.0,32.0,Lost
Mirage,154.0,99.0,12.0,1.0,4.0,3.0,8.0,31.0,Win
Mirage,337.0,100.0,10.0,6.0,19.0,1.0,40.0,26.0,Lost
Mirage,390.0,178.0,23.0,8.0,18.0,3.0,25.0,60.0,Win
Mirage,179.0,94.0,16.0,2.0,9.0,3.0,12.0,36.0,Win
Mirage,183.0,0.0,1.0,1.0,8.0,0.0,100.0,3.0,Lost
Mirage,164.0,90.0,22.0,1.0,10.0,6.0,26.0,55.0,Win
Mirage,319.0,112.0,18.0,5.0,16.0,1.0,27.0,41.0,Win
Mirage,411.0,358.0,17.0,4.0,19.0,2.0,11.0,46.0,Lost
Cache,20.0,198.0,13.0,5.0,16.0,2.0,23.0,36.0,Lost
Mirage,400.0,0.0,15.0,8.0,13.0,4.0,6.0,44.0,Win
Cache,399.0,0.0,12.0,7.0,20.0,2.0,16.0,41.0,Tie
Mirage,332.0,287.0,7.0,4.0,16.0,0.0,0.0,21.0,Lost
Dust II,374.0,104.0,10.0,6.0,20.0,0.0,40.0,27.0,Lost
Dust II,370.0,87.0,19.0,3.0,12.0,5.0,20.0,48.0,Win
Mirage,571.0,92.0,18.0,4.0,19.0,2.0,22.0,48.0,Lost
Cache,300.0,84.0,16.0,4.0,14.0,1.0,6.0,48.0,Win
Mirage,375.0,92.0,9.0,2.0,18.0,0.0,33.0,22.0,Lost
Dust II,299.0,86.0,5.0,5.0,20.0,0.0,40.0,16.0,Lost
Mirage,355.0,133.0,15.0,7.0,22.0,0.0,13.0,39.0,Lost
Cache,442.0,86.0,14.0,11.0,22.0,3.0,7.0,52.0,Win
Mirage,225.0,99.0,25.0,5.0,16.0,4.0,20.0,70.0,Win
Mirage,491.0,158.0,14.0,3.0,14.0,1.0,28.0,31.0,Lost
Mirage,305.0,85.0,28.0,5.0,12.0,7.0,10.0,70.0,Win
Mirage,411.0,106.0,11.0,6.0,17.0,1.0,27.0,33.0,Lost
Mirage,360.0,287.0,10.0,6.0,23.0,0.0,30.0,26.0,Lost
Mirage,277.0,0.0,10.0,5.0,17.0,1.0,30.0,26.0,Lost
Mirage,489.0,88.0,10.0,1.0,4.0,4.0,30.0,28.0,Win
Mirage,275.0,84.0,25.0,0.0,19.0,4.0,12.0,53.0,Lost
Mirage,351.0,119.0,15.0,5.0,27.0,3.0,13.0,48.0,Tie
Mirage,358.0,97.0,22.0,4.0,21.0,4.0,22.0,51.0,Tie
Mirage,283.0,92.0,8.0,1.0,11.0,3.0,25.0,24.0,Win
Cache,91.0,92.0,10.0,1.0,13.0,0.0,10.0,21.0,Lost
Mirage,518.0,101.0,16.0,8.0,18.0,1.0,37.0,48.0,Lost
Mirage,415.0,91.0,8.0,2.0,18.0,2.0,12.0,22.0,Lost
Mirage,348.0,88.0,19.0,5.0,14.0,4.0,21.0,49.0,Win
Mirage,379.0,90.0,36.0,5.0,17.0,4.0,22.0,89.0,Tie
Mirage,331.0,89.0,7.0,1.0,5.0,2.0,14.0,15.0,Win
Mirage,402.0,91.0,10.0,1.0,10.0,1.0,20.0,22.0,Win
Mirage,407.0,143.0,22.0,6.0,21.0,2.0,13.0,56.0,Lost
Mirage,435.0,121.0,17.0,6.0,20.0,3.0,23.0,46.0,Win
Mirage,186.0,150.0,16.0,3.0,19.0,3.0,12.0,46.0,Lost
Mirage,232.0,90.0,14.0,8.0,20.0,2.0,7.0,42.0,Lost
Dust II,355.0,82.0,11.0,5.0,15.0,2.0,36.0,29.0,Win
Dust II,348.0,84.0,19.0,4.0,10.0,2.0,10.0,42.0,Win
Mirage,284.0,86.0,18.0,6.0,13.0,4.0,27.0,47.0,Win
Cache,258.0,83.0,36.0,5.0,21.0,7.0,25.0,89.0,Lost
Dust II,185.0,0.0,25.0,3.0,15.0,3.0,24.0,64.0,Tie
Dust II,402.0,88.0,22.0,9.0,9.0,7.0,18.0,53.0,Win
Dust II,510.0,91.0,20.0,5.0,23.0,3.0,30.0,53.0,Tie
Dust II,352.0,89.0,15.0,4.0,11.0,0.0,26.0,37.0,Win
Cache,254.0,87.0,15.0,8.0,22.0,2.0,20.0,42.0,Lost
Cache,415.0,207.0,13.0,5.0,15.0,1.0,15.0,31.0,Lost
Overpass,296.0,0.0,7.0,4.0,15.0,0.0,14.0,19.0,Lost
Dust II,441.0,85.0,22.0,6.0,20.0,1.0,17.0,54.0,Lost
Mirage,393.0,200.0,14.0,7.0,14.0,2.0,28.0,37.0,Win
Dust II,406.0,0.0,0.0,1.0,3.0,0.0,0.0,1.0,Lost
Dust II,132.0,0.0,1.0,0.0,4.0,0.0,0.0,2.0,Lost
Mirage,383.0,89.0,18.0,2.0,3.0,2.0,11.0,39.0,Win
Mirage,332.0,198.0,10.0,3.0,11.0,1.0,10.0,30.0,Lost
Mirage,325.0,387.0,8.0,9.0,21.0,0.0,37.0,32.0,Lost
Mirage,177.0,103.0,15.0,4.0,18.0,3.0,40.0,45.0,Lost
Mirage,68.0,92.0,9.0,3.0,14.0,0.0,11.0,23.0,Lost
Mirage,277.0,185.0,11.0,4.0,21.0,1.0,36.0,37.0,Lost
Mirage,308.0,94.0,9.0,2.0,21.0,2.0,22.0,24.0,Lost
Mirage,291.0,90.0,19.0,6.0,22.0,2.0,26.0,46.0,Lost
Dust II,219.0,90.0,23.0,5.0,19.0,2.0,30.0,67.0,Lost
Dust II,245.0,92.0,14.0,5.0,19.0,2.0,28.0,37.0,Lost
Mirage,325.0,95.0,10.0,9.0,15.0,1.0,10.0,31.0,Win
Mirage,198.0,223.0,10.0,3.0,21.0,0.0,10.0,28.0,Lost
Mirage,315.0,93.0,12.0,0.0,16.0,0.0,16.0,25.0,Lost
Mirage,214.0,88.0,20.0,7.0,22.0,3.0,25.0,62.0,Lost
Mirage,133.0,88.0,18.0,3.0,12.0,3.0,27.0,53.0,Win
Mirage,43.0,95.0,24.0,4.0,13.0,4.0,16.0,60.0,Win
Mirage,266.0,98.0,10.0,8.0,14.0,1.0,30.0,28.0,Win
Mirage,262.0,94.0,16.0,7.0,18.0,2.0,31.0,45.0,Lost
Mirage,265.0,95.0,23.0,8.0,23.0,2.0,17.0,65.0,Win
Dust II,85.0,90.0,21.0,4.0,23.0,2.0,9.0,55.0,Tie
Mirage,219.0,89.0,17.0,5.0,21.0,1.0,17.0,47.0,Tie
Mirage,118.0,93.0,34.0,4.0,22.0,6.0,32.0,88.0,Win
Mirage,202.0,97.0,16.0,7.0,20.0,1.0,31.0,41.0,Lost
Cobblestone,146.0,90.0,20.0,2.0,8.0,3.0,5.0,46.0,Win
Cache,292.0,95.0,9.0,2.0,17.0,1.0,33.0,24.0,Lost
Mirage,286.0,87.0,18.0,13.0,19.0,4.0,27.0,51.0,Win
Dust II,118.0,92.0,11.0,2.0,4.0,4.0,9.0,26.0,Win
Dust II,162.0,0.0,9.0,6.0,17.0,2.0,11.0,26.0,Lost
Dust II,197.0,0.0,23.0,2.0,17.0,3.0,21.0,52.0,Win
Mirage,40.0,87.0,28.0,4.0,19.0,6.0,10.0,68.0,Lost
Cobblestone,126.0,0.0,3.0,2.0,7.0,0.0,33.0,8.0,Lost
Dust II,227.0,121.0,19.0,2.0,19.0,1.0,15.0,42.0,Lost
Overpass,325.0,0.0,7.0,0.0,15.0,0.0,14.0,17.0,Lost
Mirage,290.0,86.0,18.0,5.0,25.0,2.0,22.0,49.0,Lost
Mirage,256.0,159.0,9.0,7.0,23.0,1.0,22.0,30.0,Win
Mirage,258.0,88.0,11.0,12.0,18.0,1.0,45.0,40.0,Win
Dust II,116.0,97.0,19.0,4.0,19.0,1.0,10.0,51.0,Lost
Cache,30.0,152.0,25.0,6.0,18.0,2.0,28.0,62.0,Lost
Dust II,141.0,164.0,15.0,7.0,13.0,2.0,13.0,37.0,Win
Cache,252.0,141.0,14.0,6.0,16.0,1.0,21.0,39.0,Win
Dust II,96.0,140.0,27.0,7.0,20.0,4.0,37.0,65.0,Lost
Dust II,286.0,87.0,10.0,3.0,21.0,1.0,30.0,23.0,Lost
Mirage,267.0,87.0,16.0,6.0,21.0,2.0,31.0,40.0,Lost
Dust II,342.0,79.0,13.0,4.0,15.0,2.0,23.0,31.0,Win
Dust II,391.0,82.0,12.0,4.0,24.0,2.0,23.0,30.0,Lost
Cache,192.0,83.0,16.0,7.0,23.0,1.0,37.0,42.0,Lost
Mirage,249.0,80.0,16.0,3.0,19.0,2.0,25.0,41.0,Lost
Dust II,290.0,79.0,28.0,5.0,20.0,4.0,25.0,64.0,Tie
Dust II,55.0,85.0,7.0,5.0,13.0,2.0,14.0,19.0,Win
Mirage,243.0,0.0,5.0,3.0,14.0,0.0,40.0,13.0,Lost
Dust II,315.0,82.0,19.0,7.0,23.0,4.0,36.0,48.0,Lost
Mirage,316.0,88.0,5.0,1.0,16.0,1.0,0.0,17.0,Lost
Dust II,317.0,109.0,16.0,4.0,15.0,2.0,31.0,36.0,Win
Mirage,390.0,87.0,11.0,4.0,19.0,1.0,9.0,31.0,Lost
Dust II,435.0,101.0,15.0,3.0,19.0,3.0,26.0,45.0,Lost
Mirage,236.0,85.0,23.0,2.0,17.0,4.0,4.0,53.0,Lost
Mirage,137.0,103.0,26.0,8.0,19.0,6.0,15.0,63.0,Win
Dust II,187.0,102.0,10.0,0.0,17.0,0.0,20.0,22.0,Lost
Dust II,119.0,154.0,22.0,4.0,22.0,3.0,18.0,55.0,Lost
Mirage,269.0,81.0,17.0,6.0,12.0,3.0,23.0,54.0,Win
Inferno,112.0,81.0,22.0,4.0,17.0,3.0,22.0,52.0,Lost
Mirage,129.0,0.0,10.0,3.0,22.0,0.0,20.0,31.0,Lost
Inferno,412.0,86.0,14.0,7.0,20.0,3.0,28.0,40.0,Lost
Mirage,335.0,82.0,14.0,4.0,18.0,0.0,21.0,39.0,Lost
Mirage,48.0,84.0,19.0,7.0,21.0,3.0,31.0,51.0,Win
Mirage,348.0,90.0,14.0,6.0,24.0,4.0,35.0,37.0,Lost
Dust II,380.0,77.0,17.0,2.0,22.0,1.0,29.0,41.0,Win
Mirage,141.0,85.0,17.0,5.0,20.0,3.0,11.0,43.0,Win
Mirage,208.0,103.0,25.0,10.0,13.0,5.0,32.0,69.0,Win
Mirage,360.0,87.0,20.0,3.0,11.0,3.0,20.0,61.0,Win
Inferno,319.0,82.0,14.0,2.0,21.0,4.0,28.0,39.0,Lost
Mirage,213.0,99.0,22.0,3.0,13.0,5.0,27.0,54.0,Win
Dust II,85.0,77.0,9.0,6.0,21.0,1.0,22.0,26.0,Win
Mirage,104.0,93.0,25.0,3.0,20.0,4.0,42.0,58.0,Tie
Mirage,349.0,88.0,12.0,5.0,9.0,2.0,25.0,29.0,Win
Dust II,363.0,81.0,6.0,2.0,13.0,1.0,16.0,17.0,Lost
Dust II,118.0,85.0,12.0,7.0,19.0,0.0,16.0,37.0,Win
Dust II,388.0,88.0,15.0,1.0,23.0,4.0,6.0,33.0,Tie
Mirage,19.0,80.0,17.0,12.0,26.0,1.0,35.0,50.0,Tie
Dust II,196.0,72.0,15.0,3.0,21.0,1.0,26.0,37.0,Lost
Mirage,147.0,90.0,26.0,3.0,14.0,2.0,3.0,68.0,Win
Mirage,187.0,87.0,19.0,4.0,24.0,4.0,15.0,55.0,Lost
Dust II,91.0,289.0,14.0,2.0,22.0,2.0,13.0,35.0,Tie
Dust II,320.0,87.0,25.0,4.0,12.0,3.0,24.0,57.0,Win
Mirage,84.0,147.0,12.0,2.0,22.0,1.0,8.0,29.0,Tie
Cache,53.0,90.0,6.0,1.0,19.0,0.0,33.0,15.0,Lost
Mirage,296.0,83.0,25.0,3.0,21.0,5.0,24.0,65.0,Tie
Dust II,264.0,93.0,11.0,5.0,20.0,1.0,27.0,38.0,Win
Dust II,228.0,104.0,5.0,1.0,7.0,1.0,40.0,13.0,Win
Dust II,59.0,79.0,29.0,5.0,22.0,5.0,17.0,77.0,Win
Dust II,216.0,80.0,24.0,3.0,20.0,3.0,25.0,60.0,Win
Dust II,33.0,93.0,13.0,4.0,21.0,2.0,23.0,36.0,Lost
Inferno,16.0,136.0,9.0,9.0,24.0,1.0,22.0,35.0,Lost
Dust II,274.0,82.0,15.0,10.0,17.0,0.0,20.0,47.0,Win
Dust II,210.0,80.0,13.0,5.0,19.0,2.0,15.0,40.0,Lost
Dust II,274.0,89.0,20.0,7.0,23.0,3.0,20.0,50.0,Tie
Dust II,376.0,111.0,27.0,6.0,21.0,3.0,22.0,69.0,Tie
Mirage,266.0,90.0,19.0,4.0,12.0,4.0,10.0,51.0,Win
Mirage,354.0,91.0,23.0,4.0,14.0,6.0,8.0,57.0,Win
Mirage,30.0,173.0,19.0,5.0,22.0,4.0,5.0,56.0,Tie
Cache,272.0,147.0,18.0,1.0,18.0,2.0,11.0,44.0,Win
Dust II,103.0,101.0,11.0,2.0,22.0,0.0,27.0,27.0,Lost
Mirage,442.0,85.0,11.0,4.0,14.0,1.0,36.0,30.0,Win
Dust II,143.0,143.0,25.0,5.0,19.0,4.0,20.0,61.0,Win
Dust II,135.0,237.0,11.0,3.0,20.0,1.0,27.0,25.0,Lost
Dust II,360.0,112.0,10.0,2.0,14.0,0.0,40.0,24.0,Lost
Mirage,25.0,0.0,2.0,1.0,8.0,0.0,0.0,5.0,Lost
Dust II,81.0,222.0,14.0,0.0,17.0,2.0,42.0,28.0,Win
Dust II,124.0,138.0,9.0,4.0,20.0,2.0,11.0,22.0,Lost
Dust II,27.0,92.0,15.0,5.0,17.0,2.0,40.0,39.0,Win
Dust II,32.0,89.0,22.0,7.0,17.0,4.0,13.0,60.0,Win
Dust II,65.0,85.0,23.0,3.0,15.0,3.0,30.0,54.0,Win
Dust II,283.0,82.0,17.0,1.0,16.0,1.0,29.0,41.0,Win
Dust II,253.0,81.0,11.0,6.0,20.0,0.0,36.0,28.0,Lost
Dust II,23.0,162.0,17.0,3.0,21.0,1.0,41.0,41.0,Lost
Dust II,210.0,78.0,11.0,5.0,22.0,1.0,36.0,29.0,Tie
Dust II,228.0,77.0,16.0,9.0,19.0,3.0,43.0,45.0,Win
Dust II,125.0,78.0,9.0,4.0,16.0,0.0,11.0,24.0,Win
Dust II,67.0,85.0,23.0,11.0,17.0,2.0,13.0,57.0,Win
Mirage,360.0,83.0,13.0,4.0,20.0,0.0,23.0,33.0,Lost
Dust II,149.0,104.0,15.0,4.0,22.0,0.0,18.0,41.0,Lost
Dust II,29.0,0.0,6.0,0.0,11.0,0.0,14.0,12.0,Lost
Dust II,375.0,80.0,14.0,5.0,22.0,2.0,42.0,38.0,Lost
Dust II,319.0,84.0,29.0,5.0,17.0,6.0,27.0,75.0,Win
Dust II,162.0,82.0,3.0,5.0,15.0,0.0,0.0,12.0,Win
Dust II,89.0,90.0,21.0,3.0,19.0,2.0,47.0,47.0,Lost
Dust II,205.0,83.0,21.0,8.0,26.0,2.0,19.0,57.0,Lost
Dust II,274.0,87.0,24.0,5.0,20.0,5.0,33.0,62.0,Lost
Mirage,19.0,116.0,22.0,7.0,20.0,5.0,4.0,61.0,Win
Dust II,231.0,390.0,23.0,7.0,19.0,2.0,34.0,58.0,Lost
Dust II,172.0,85.0,12.0,1.0,14.0,1.0,50.0,28.0,Lost
Cache,163.0,90.0,19.0,5.0,17.0,0.0,21.0,46.0,Win
Dust II,53.0,82.0,31.0,7.0,17.0,5.0,32.0,78.0,Win
Cache,149.0,0.0,8.0,1.0,12.0,1.0,37.0,17.0,Lost
Dust II,30.0,78.0,16.0,8.0,18.0,3.0,43.0,44.0,Win
Dust II,52.0,254.0,24.0,1.0,16.0,2.0,37.0,52.0,Lost
Mirage,128.0,85.0,26.0,2.0,20.0,3.0,30.0,72.0,Lost
Dust II,15.0,164.0,12.0,6.0,18.0,2.0,25.0,31.0,Win
Dust II,249.0,83.0,20.0,7.0,16.0,2.0,30.0,51.0,Win
Dust II,19.0,0.0,4.0,2.0,7.0,1.0,50.0,10.0,Win
Dust II,40.0,83.0,8.0,0.0,17.0,0.0,12.0,18.0,Lost
Dust II,10.0,87.0,16.0,6.0,22.0,3.0,18.0,48.0,Win
Mirage,319.0,84.0,22.0,7.0,23.0,2.0,18.0,59.0,Lost
Mirage,110.0,83.0,4.0,5.0,21.0,0.0,0.0,19.0,Lost
Dust II,208.0,82.0,19.0,4.0,13.0,5.0,10.0,52.0,Win
Dust II,221.0,135.0,17.0,2.0,20.0,3.0,17.0,48.0,Lost
Dust II,17.0,83.0,11.0,2.0,18.0,2.0,27.0,26.0,Lost
Dust II,217.0,142.0,14.0,7.0,18.0,3.0,28.0,45.0,Win
Mirage,13.0,79.0,16.0,4.0,25.0,4.0,18.0,50.0,Lost
Dust II,107.0,85.0,5.0,3.0,24.0,0.0,40.0,13.0,Lost
Dust II,47.0,86.0,9.0,5.0,20.0,2.0,22.0,29.0,Lost
Dust II,269.0,77.0,11.0,5.0,21.0,2.0,27.0,34.0,Lost
Dust II,357.0,88.0,15.0,3.0,18.0,3.0,26.0,46.0,Win
Dust II,12.0,84.0,15.0,3.0,17.0,1.0,33.0,36.0,Win
Mirage,75.0,85.0,16.0,1.0,15.0,3.0,25.0,45.0,Win
Mirage,31.0,132.0,12.0,8.0,20.0,2.0,25.0,38.0,Lost
Dust II,207.0,97.0,17.0,2.0,20.0,3.0,35.0,52.0,Win
Mirage,11.0,82.0,15.0,2.0,11.0,2.0,20.0,38.0,Win
Mirage,54.0,85.0,20.0,3.0,18.0,2.0,23.0,47.0,Lost
Dust II,267.0,79.0,4.0,2.0,16.0,0.0,0.0,10.0,Lost
Dust II,322.0,85.0,18.0,3.0,12.0,4.0,22.0,45.0,Win
Dust II,312.0,88.0,13.0,1.0,15.0,3.0,23.0,31.0,Lost
Mirage,79.0,91.0,18.0,0.0,8.0,2.0,47.0,36.0,Win
Dust II,297.0,84.0,15.0,3.0,21.0,3.0,40.0,39.0,Lost
Dust II,494.0,130.0,4.0,2.0,22.0,2.0,25.0,17.0,Tie
Dust II,282.0,111.0,23.0,7.0,21.0,5.0,41.0,67.0,Lost
Dust II,207.0,78.0,9.0,1.0,23.0,0.0,33.0,23.0,Lost
Dust II,42.0,0.0,17.0,1.0,15.0,0.0,17.0,37.0,Lost
Dust II,10.0,81.0,11.0,6.0,22.0,1.0,50.0,35.0,Lost
Dust II,22.0,79.0,7.0,3.0,17.0,0.0,14.0,22.0,Lost
Mirage,70.0,92.0,18.0,5.0,12.0,3.0,33.0,58.0,Win
Dust II,236.0,77.0,12.0,5.0,21.0,0.0,30.0,36.0,Lost
Dust II,153.0,120.0,12.0,7.0,13.0,2.0,16.0,33.0,Win
Dust II,329.0,80.0,18.0,2.0,20.0,2.0,27.0,42.0,Lost
Dust II,165.0,84.0,20.0,5.0,22.0,3.0,35.0,55.0,Lost
Dust II,90.0,84.0,21.0,3.0,21.0,2.0,18.0,51.0,Lost
Dust II,179.0,166.0,7.0,1.0,13.0,1.0,42.0,19.0,Win
Dust II,98.0,87.0,19.0,4.0,15.0,1.0,21.0,48.0,Win
Dust II,29.0,82.0,19.0,4.0,21.0,3.0,10.0,49.0,Lost
Dust II,291.0,83.0,19.0,6.0,14.0,4.0,15.0,55.0,Win
Dust II,115.0,100.0,15.0,9.0,21.0,1.0,13.0,44.0,Lost
Dust II,229.0,84.0,19.0,2.0,17.0,4.0,15.0,45.0,Win
Dust II,307.0,141.0,18.0,8.0,20.0,4.0,22.0,51.0,Win
Mirage,11.0,422.0,14.0,1.0,19.0,2.0,13.0,35.0,Lost
Mirage,76.0,81.0,12.0,6.0,21.0,2.0,16.0,38.0,Lost
Mirage,89.0,0.0,6.0,2.0,14.0,1.0,33.0,14.0,Lost
Dust II,250.0,130.0,12.0,3.0,14.0,3.0,16.0,34.0,Win
Dust II,258.0,160.0,20.0,4.0,22.0,2.0,30.0,48.0,Tie
Dust II,180.0,384.0,15.0,7.0,22.0,1.0,40.0,37.0,Lost
Dust II,302.0,85.0,21.0,3.0,11.0,7.0,19.0,58.0,Win
Dust II,459.0,0.0,5.0,2.0,10.0,0.0,40.0,13.0,Tie
Dust II,293.0,0.0,18.0,5.0,20.0,4.0,27.0,54.0,Tie
Dust II,262.0,92.0,22.0,4.0,20.0,3.0,36.0,51.0,Lost
Dust II,39.0,88.0,11.0,10.0,11.0,0.0,54.0,36.0,Win
Mirage,354.0,89.0,15.0,5.0,22.0,1.0,33.0,46.0,Lost
Mirage,298.0,96.0,18.0,4.0,19.0,4.0,11.0,51.0,Lost
Dust II,382.0,103.0,18.0,6.0,17.0,1.0,27.0,48.0,Lost
Dust II,541.0,125.0,21.0,10.0,20.0,3.0,19.0,58.0,Win
Dust II,166.0,96.0,18.0,2.0,21.0,2.0,33.0,44.0,Lost
Dust II,223.0,99.0,14.0,6.0,21.0,2.0,50.0,37.0,Lost
Mirage,70.0,90.0,13.0,4.0,17.0,1.0,15.0,36.0,Win
Dust II,184.0,92.0,17.0,5.0,18.0,4.0,41.0,43.0,Win
Dust II,305.0,267.0,22.0,4.0,11.0,4.0,31.0,61.0,Win
Dust II,372.0,87.0,5.0,2.0,17.0,0.0,20.0,16.0,Lost
Dust II,284.0,93.0,17.0,4.0,21.0,1.0,38.0,41.0,Lost
Dust II,59.0,89.0,6.0,4.0,19.0,1.0,42.0,19.0,Lost
Dust II,134.0,91.0,12.0,6.0,15.0,0.0,16.0,31.0,Win
Dust II,292.0,89.0,7.0,0.0,14.0,0.0,14.0,14.0,Lost
Dust II,323.0,90.0,12.0,7.0,18.0,0.0,41.0,37.0,Win
Inferno,405.0,134.0,7.0,6.0,9.0,2.0,14.0,27.0,Win
Dust II,245.0,100.0,14.0,3.0,6.0,2.0,14.0,38.0,Win
Dust II,36.0,0.0,0.0,0.0,3.0,0.0,0.0,1.0,Lost
Dust II,305.0,81.0,26.0,7.0,19.0,5.0,23.0,67.0,Win
Dust II,118.0,94.0,18.0,1.0,18.0,1.0,16.0,37.0,Lost
Dust II,208.0,98.0,17.0,2.0,20.0,1.0,17.0,39.0,Tie
Dust II,38.0,0.0,6.0,3.0,9.0,1.0,50.0,16.0,Lost
Dust II,375.0,113.0,13.0,0.0,15.0,1.0,42.0,26.0,Lost
Dust II,253.0,97.0,13.0,3.0,12.0,3.0,15.0,32.0,Win
Mirage,45.0,0.0,4.0,1.0,9.0,1.0,50.0,9.0,Lost
Dust II,43.0,102.0,15.0,3.0,12.0,1.0,26.0,35.0,Win
Dust II,93.0,0.0,15.0,2.0,17.0,1.0,40.0,32.0,Lost
Dust II,471.0,87.0,13.0,8.0,19.0,0.0,23.0,42.0,Win
Dust II,325.0,269.0,7.0,3.0,12.0,0.0,42.0,20.0,Lost
Dust II,121.0,0.0,1.0,0.0,7.0,0.0,0.0,2.0,Lost
Dust II,204.0,113.0,14.0,7.0,17.0,1.0,28.0,42.0,Win
Dust II,290.0,87.0,16.0,1.0,17.0,0.0,25.0,37.0,Lost
Dust II,375.0,88.0,14.0,2.0,17.0,1.0,21.0,38.0,Lost
Dust II,10.0,95.0,13.0,5.0,22.0,0.0,7.0,37.0,Lost
Dust II,297.0,263.0,8.0,3.0,16.0,1.0,25.0,23.0,Win
Dust II,87.0,133.0,13.0,6.0,18.0,0.0,23.0,36.0,Win
Mirage,106.0,0.0,5.0,2.0,11.0,0.0,0.0,16.0,Lost
Mirage,386.0,85.0,13.0,4.0,21.0,2.0,46.0,35.0,Lost
Dust II,21.0,164.0,22.0,6.0,13.0,5.0,21.0,58.0,Win
Dust II,57.0,160.0,6.0,8.0,21.0,0.0,16.0,20.0,Lost
Mirage,17.0,130.0,15.0,4.0,10.0,2.0,0.0,40.0,Win
Dust II,308.0,92.0,13.0,4.0,15.0,1.0,23.0,33.0,Win
Dust II,85.0,92.0,12.0,6.0,21.0,2.0,33.0,32.0,Lost
Dust II,179.0,111.0,12.0,3.0,12.0,1.0,30.0,31.0,Win
Dust II,184.0,108.0,14.0,4.0,14.0,0.0,42.0,35.0,Win
Dust II,21.0,449.0,13.0,3.0,22.0,0.0,7.0,31.0,Lost
Dust II,163.0,196.0,25.0,5.0,13.0,5.0,28.0,70.0,Win
Dust II,188.0,0.0,0.0,0.0,5.0,0.0,0.0,2.0,Win
Dust II,86.0,166.0,14.0,4.0,24.0,0.0,28.0,39.0,Tie
Dust II,167.0,102.0,9.0,0.0,17.0,1.0,0.0,18.0,Lost
Dust II,148.0,94.0,21.0,9.0,24.0,6.0,33.0,62.0,Win
Cache,11.0,91.0,26.0,4.0,16.0,4.0,15.0,62.0,Win
Mirage,19.0,89.0,20.0,7.0,24.0,1.0,20.0,52.0,Tie
Mirage,139.0,92.0,12.0,7.0,19.0,2.0,0.0,41.0,Lost
Mirage,131.0,90.0,16.0,6.0,18.0,2.0,18.0,40.0,Tie
Dust II,142.0,95.0,20.0,4.0,21.0,2.0,35.0,44.0,Lost
Cache,74.0,108.0,19.0,3.0,18.0,3.0,31.0,54.0,Win
Inferno,121.0,0.0,2.0,1.0,2.0,1.0,0.0,5.0,Lost
Dust II,43.0,94.0,13.0,5.0,18.0,3.0,7.0,42.0,Win
Dust II,126.0,97.0,7.0,2.0,14.0,0.0,28.0,18.0,Lost
Mirage,135.0,85.0,17.0,4.0,10.0,3.0,29.0,47.0,Win
Dust II,67.0,95.0,9.0,7.0,19.0,1.0,11.0,33.0,Lost
Dust II,196.0,93.0,19.0,3.0,10.0,2.0,36.0,46.0,Win
Mirage,138.0,90.0,17.0,7.0,26.0,0.0,23.0,45.0,Win
Dust II,129.0,100.0,18.0,3.0,22.0,1.0,27.0,43.0,Lost
Mirage,73.0,95.0,24.0,8.0,20.0,5.0,16.0,73.0,Win
Dust II,149.0,106.0,17.0,3.0,12.0,3.0,29.0,39.0,Win
Dust II,76.0,97.0,17.0,4.0,19.0,4.0,23.0,44.0,Lost
Dust II,46.0,67.0,17.0,5.0,22.0,1.0,11.0,40.0,Lost
Dust II,126.0,68.0,20.0,2.0,21.0,2.0,20.0,45.0,Win
Mirage,44.0,32.0,23.0,13.0,24.0,1.0,21.0,62.0,Tie
Cobblestone,136.0,92.0,13.0,5.0,9.0,3.0,7.0,38.0,Win
Inferno,226.0,90.0,20.0,3.0,19.0,0.0,35.0,46.0,Win
Mirage,317.0,0.0,13.0,4.0,22.0,2.0,7.0,35.0,Lost
Mirage,116.0,91.0,25.0,2.0,21.0,3.0,28.0,57.0,Tie
Mirage,26.0,0.0,18.0,2.0,18.0,4.0,11.0,44.0,Lost
Mirage,197.0,89.0,9.0,1.0,17.0,1.0,0.0,25.0,Lost
Dust II,229.0,94.0,12.0,3.0,19.0,1.0,8.0,34.0,Lost
Dust II,57.0,100.0,20.0,2.0,13.0,3.0,20.0,47.0,Win
Mirage,46.0,93.0,17.0,4.0,24.0,1.0,11.0,44.0,Lost
Dust II,21.0,84.0,14.0,4.0,16.0,2.0,28.0,36.0,Win
Dust II,138.0,89.0,16.0,2.0,9.0,1.0,12.0,42.0,Win
Mirage,70.0,90.0,20.0,9.0,22.0,2.0,15.0,55.0,Lost
Mirage,90.0,91.0,21.0,3.0,18.0,3.0,14.0,58.0,Win
Dust II,89.0,97.0,7.0,5.0,11.0,2.0,28.0,24.0,Win
Dust II,210.0,94.0,26.0,4.0,12.0,5.0,22.0,67.0,Win
Dust II,101.0,94.0,16.0,5.0,19.0,3.0,37.0,42.0,Lost
Dust II,167.0,92.0,25.0,6.0,16.0,6.0,16.0,62.0,Win
Dust II,43.0,93.0,7.0,3.0,18.0,0.0,42.0,17.0,Lost
Mirage,146.0,96.0,10.0,4.0,19.0,1.0,10.0,28.0,Lost
Cache,73.0,90.0,9.0,4.0,17.0,0.0,44.0,26.0,Tie
Cache,48.0,87.0,12.0,2.0,20.0,1.0,16.0,30.0,Lost
Mirage,264.0,94.0,23.0,6.0,19.0,1.0,17.0,58.0,Lost
Cache,98.0,0.0,8.0,2.0,9.0,1.0,37.0,18.0,Lost
Cache,47.0,90.0,18.0,6.0,16.0,2.0,11.0,53.0,Lost
Dust II,13.0,153.0,15.0,5.0,20.0,0.0,40.0,38.0,Lost
Dust II,118.0,86.0,16.0,5.0,18.0,2.0,37.0,38.0,Lost
Dust II,64.0,193.0,23.0,6.0,14.0,4.0,21.0,59.0,Win
Dust II,10.0,91.0,18.0,6.0,23.0,4.0,27.0,46.0,Tie
Cache,42.0,95.0,10.0,7.0,20.0,0.0,20.0,31.0,Lost
Dust II,51.0,93.0,17.0,3.0,19.0,0.0,17.0,38.0,Lost
Dust II,18.0,83.0,15.0,4.0,11.0,3.0,18.0,34.0,Win
Dust II,35.0,96.0,13.0,3.0,26.0,2.0,23.0,37.0,Lost
Inferno,104.0,88.0,10.0,1.0,22.0,0.0,20.0,21.0,Lost
Dust II,28.0,90.0,17.0,5.0,22.0,2.0,23.0,47.0,Tie
Dust II,11.0,89.0,21.0,5.0,19.0,2.0,14.0,54.0,Win
Mirage,16.0,97.0,20.0,8.0,22.0,2.0,15.0,53.0,Tie
Inferno,14.0,99.0,2.0,6.0,20.0,1.0,66.0,16.0,Win
Dust II,30.0,101.0,8.0,1.0,17.0,1.0,12.0,19.0,Lost
Dust II,13.0,98.0,21.0,7.0,16.0,3.0,9.0,54.0,Win
Inferno,10.0,100.0,5.0,3.0,19.0,0.0,20.0,18.0,Lost
Mirage,401.0,68.0,19.0,6.0,26.0,2.0,21.0,55.0,Tie
Dust II,202.0,73.0,17.0,2.0,22.0,4.0,11.0,43.0,Lost
Overpass,255.0,74.0,17.0,4.0,13.0,0.0,17.0,41.0,Win
Austria,156.0,70.0,17.0,4.0,22.0,1.0,35.0,43.0,Lost
Dust II,254.0,35.0,20.0,7.0,19.0,2.0,15.0,47.0,Lost
Mirage,551.0,59.0,11.0,1.0,16.0,1.0,9.0,23.0,Lost
Dust II,165.0,60.0,16.0,10.0,23.0,2.0,25.0,50.0,Win
Dust II,108.0,43.0,12.0,3.0,18.0,2.0,50.0,34.0,Lost
Dust II,245.0,64.0,16.0,4.0,11.0,3.0,25.0,40.0,Win
Dust II,168.0,63.0,11.0,5.0,20.0,0.0,18.0,35.0,Lost
Dust II,167.0,39.0,10.0,1.0,12.0,2.0,20.0,24.0,Win
Dust II,73.0,38.0,17.0,6.0,11.0,2.0,29.0,50.0,Win
Dust II,117.0,39.0,11.0,4.0,21.0,2.0,27.0,28.0,Lost
Dust II,104.0,71.0,16.0,4.0,11.0,2.0,38.0,41.0,Win
Mirage,91.0,42.0,16.0,8.0,15.0,0.0,17.0,46.0,Win
Dust II,266.0,51.0,21.0,7.0,21.0,2.0,38.0,53.0,Tie
Dust II,252.0,42.0,18.0,5.0,17.0,1.0,16.0,46.0,Lost
Dust II,147.0,37.0,17.0,2.0,20.0,2.0,22.0,46.0,Lost
Dust II,166.0,87.0,19.0,5.0,17.0,3.0,26.0,45.0,Win
Dust II,111.0,90.0,14.0,3.0,6.0,2.0,14.0,31.0,Win
Dust II,223.0,118.0,18.0,3.0,17.0,2.0,27.0,41.0,Lost
Dust II,208.0,89.0,9.0,7.0,19.0,2.0,44.0,26.0,Lost
Dust II,188.0,153.0,22.0,4.0,22.0,2.0,27.0,51.0,Lost
Dust II,259.0,86.0,20.0,5.0,21.0,2.0,14.0,51.0,Lost
Mirage,49.0,127.0,10.0,0.0,16.0,1.0,30.0,23.0,Lost
Dust II,303.0,91.0,16.0,2.0,16.0,1.0,12.0,34.0,Lost
Dust II,268.0,81.0,19.0,1.0,20.0,0.0,21.0,42.0,Lost
Dust II,308.0,82.0,13.0,6.0,20.0,1.0,23.0,35.0,Win
Dust II,127.0,85.0,20.0,4.0,14.0,1.0,25.0,48.0,Win
Dust II,40.0,0.0,20.0,3.0,5.0,3.0,35.0,50.0,Win
Dust II,13.0,92.0,13.0,6.0,8.0,1.0,7.0,34.0,Win
Dust II,12.0,91.0,11.0,2.0,17.0,2.0,27.0,29.0,Lost
Mirage,300.0,85.0,12.0,2.0,11.0,3.0,33.0,30.0,Win
Dust II,284.0,81.0,31.0,5.0,17.0,5.0,35.0,74.0,Tie
Dust II,262.0,83.0,16.0,3.0,20.0,2.0,37.0,37.0,Win
Dust II,299.0,85.0,10.0,6.0,21.0,2.0,20.0,33.0,Win
Dust II,222.0,90.0,17.0,4.0,21.0,1.0,35.0,44.0,Lost
Dust II,335.0,87.0,15.0,6.0,24.0,0.0,33.0,38.0,Lost
Mirage,138.0,129.0,15.0,6.0,22.0,2.0,13.0,49.0,Lost
Dust II,303.0,85.0,17.0,2.0,12.0,3.0,23.0,44.0,Win
Dust II,408.0,90.0,15.0,0.0,16.0,3.0,33.0,36.0,Win
Dust II,343.0,95.0,18.0,1.0,16.0,2.0,0.0,50.0,Win
Dust II,14.0,93.0,24.0,6.0,22.0,4.0,25.0,56.0,Tie
Dust II,107.0,86.0,19.0,1.0,21.0,2.0,15.0,48.0,Win
Dust II,288.0,85.0,18.0,9.0,19.0,2.0,22.0,53.0,Lost
Dust II,307.0,82.0,24.0,5.0,19.0,0.0,29.0,62.0,Tie
Dust II,101.0,92.0,12.0,4.0,8.0,0.0,25.0,30.0,Win
Dust II,399.0,94.0,10.0,2.0,16.0,0.0,30.0,23.0,Lost
Mirage,104.0,90.0,12.0,8.0,18.0,4.0,16.0,47.0,Lost
Dust II,32.0,91.0,15.0,6.0,22.0,2.0,33.0,46.0,Lost
Dust II,329.0,108.0,16.0,7.0,16.0,3.0,25.0,43.0,Win
Dust II,341.0,88.0,13.0,3.0,22.0,1.0,30.0,40.0,Lost
Dust II,53.0,85.0,10.0,0.0,2.0,1.0,20.0,20.0,Win
Dust II,109.0,85.0,6.0,2.0,11.0,0.0,16.0,16.0,Lost
Dust II,245.0,88.0,23.0,2.0,12.0,4.0,17.0,57.0,Win
Dust II,208.0,0.0,17.0,2.0,17.0,0.0,23.0,46.0,Lost
Dust II,121.0,89.0,10.0,5.0,20.0,2.0,30.0,29.0,Lost
Mirage,215.0,90.0,6.0,5.0,17.0,0.0,16.0,21.0,Lost
Mirage,29.0,80.0,12.0,3.0,19.0,1.0,23.0,27.0,Lost
Dust II,379.0,87.0,5.0,3.0,18.0,0.0,20.0,13.0,Lost
Dust II,248.0,82.0,18.0,3.0,14.0,1.0,38.0,45.0,Lost
Dust II,393.0,132.0,18.0,5.0,19.0,3.0,22.0,47.0,Lost
Dust II,202.0,82.0,20.0,5.0,22.0,2.0,10.0,52.0,Lost
Dust II,63.0,91.0,17.0,3.0,22.0,4.0,5.0,47.0,Tie
Inferno,50.0,94.0,13.0,2.0,18.0,1.0,15.0,29.0,Lost
Dust II,26.0,89.0,18.0,6.0,23.0,4.0,16.0,43.0,Tie
Inferno,589.0,87.0,17.0,4.0,22.0,2.0,29.0,43.0,Lost
Dust II,29.0,88.0,17.0,4.0,21.0,1.0,5.0,44.0,Lost
Dust II,222.0,80.0,23.0,4.0,14.0,3.0,17.0,54.0,Win
Dust II,10.0,82.0,9.0,5.0,21.0,1.0,0.0,25.0,Lost
Dust II,81.0,82.0,22.0,6.0,18.0,4.0,13.0,54.0,Lost
Dust II,241.0,88.0,10.0,4.0,15.0,1.0,0.0,28.0,Win
Dust II,339.0,0.0,0.0,0.0,0.0,0.0,0.0,1.0,Lost
Dust II,12.0,82.0,18.0,4.0,21.0,1.0,5.0,49.0,Lost
Dust II,73.0,85.0,10.0,3.0,19.0,1.0,30.0,23.0,Lost
Dust II,377.0,79.0,17.0,7.0,17.0,0.0,17.0,49.0,Win
Dust II,89.0,90.0,13.0,3.0,14.0,4.0,30.0,40.0,Win
Mirage,263.0,0.0,16.0,1.0,17.0,1.0,25.0,42.0,Win
Dust II,233.0,91.0,19.0,6.0,23.0,2.0,31.0,56.0,Lost
Dust II,340.0,82.0,13.0,11.0,19.0,2.0,23.0,50.0,Win
Dust II,253.0,90.0,22.0,5.0,20.0,5.0,27.0,61.0,Lost
Dust II,186.0,87.0,10.0,4.0,19.0,2.0,20.0,28.0,Lost
Dust II,44.0,90.0,29.0,5.0,16.0,4.0,20.0,74.0,Win
Dust II,336.0,83.0,11.0,7.0,21.0,0.0,36.0,29.0,Lost
Dust II,54.0,89.0,12.0,3.0,15.0,1.0,33.0,33.0,Lost
Dust II,229.0,0.0,7.0,2.0,8.0,0.0,62.0,16.0,Lost
Dust II,94.0,0.0,14.0,6.0,16.0,0.0,21.0,43.0,Lost
Dust II,327.0,89.0,12.0,0.0,14.0,4.0,8.0,39.0,Win
Dust II,145.0,86.0,16.0,4.0,20.0,2.0,43.0,43.0,Lost
Dust II,316.0,89.0,9.0,0.0,17.0,0.0,20.0,18.0,Lost
Dust II,240.0,93.0,14.0,7.0,21.0,2.0,42.0,40.0,Lost
Dust II,263.0,0.0,3.0,1.0,8.0,0.0,0.0,7.0,Lost
Dust II,269.0,88.0,22.0,9.0,20.0,1.0,22.0,56.0,Lost
Dust II,65.0,79.0,11.0,3.0,12.0,1.0,27.0,34.0,Win
Dust II,283.0,89.0,16.0,2.0,14.0,0.0,43.0,46.0,Win
Dust II,358.0,88.0,16.0,3.0,10.0,4.0,31.0,40.0,Win
Cache,237.0,89.0,13.0,6.0,13.0,1.0,30.0,43.0,Win
Cache,28.0,88.0,8.0,3.0,19.0,1.0,37.0,25.0,Win
Dust II,96.0,83.0,17.0,2.0,17.0,2.0,17.0,44.0,Lost
Dust II,98.0,86.0,11.0,5.0,21.0,0.0,36.0,33.0,Lost
Dust II,372.0,82.0,6.0,5.0,18.0,0.0,16.0,20.0,Lost
Dust II,460.0,88.0,11.0,2.0,14.0,1.0,9.0,33.0,Win
Dust II,392.0,93.0,17.0,3.0,19.0,1.0,5.0,39.0,Lost
Dust II,300.0,90.0,17.0,5.0,20.0,4.0,17.0,43.0,Tie
Dust II,56.0,90.0,20.0,6.0,20.0,4.0,15.0,48.0,Win
Dust II,213.0,376.0,13.0,1.0,22.0,0.0,30.0,28.0,Lost
Dust II,238.0,88.0,23.0,3.0,21.0,2.0,21.0,59.0,Tie
Dust II,80.0,88.0,13.0,2.0,16.0,3.0,15.0,42.0,Win
Mirage,96.0,90.0,20.0,5.0,21.0,1.0,20.0,47.0,Win
Dust II,130.0,92.0,21.0,2.0,18.0,2.0,28.0,53.0,Tie
Dust II,21.0,93.0,13.0,3.0,21.0,2.0,23.0,36.0,Win
Dust II,204.0,86.0,18.0,5.0,20.0,1.0,16.0,44.0,Win
Dust II,356.0,90.0,12.0,4.0,19.0,0.0,8.0,32.0,Lost
Dust II,191.0,95.0,18.0,8.0,21.0,2.0,16.0,49.0,Win
Dust II,293.0,88.0,12.0,6.0,23.0,2.0,16.0,32.0,Lost
Dust II,325.0,90.0,15.0,5.0,22.0,2.0,20.0,46.0,Lost
Dust II,188.0,90.0,8.0,1.0,16.0,1.0,12.0,21.0,Lost
Dust II,45.0,110.0,14.0,4.0,21.0,0.0,28.0,32.0,Win
Dust II,130.0,74.0,13.0,3.0,15.0,1.0,0.0,37.0,Win
Dust II,41.0,129.0,8.0,2.0,18.0,0.0,37.0,20.0,Lost
Dust II,500.0,78.0,11.0,6.0,26.0,0.0,36.0,34.0,Lost
Dust II,142.0,0.0,5.0,3.0,3.0,0.0,60.0,14.0,Win
Dust II,186.0,89.0,13.0,4.0,20.0,1.0,53.0,35.0,Lost
Dust II,277.0,185.0,15.0,1.0,15.0,1.0,40.0,38.0,Win
Dust II,32.0,210.0,13.0,4.0,18.0,0.0,28.0,31.0,Lost
Mirage,258.0,138.0,13.0,1.0,19.0,0.0,7.0,34.0,Lost
Mirage,137.0,119.0,12.0,3.0,5.0,2.0,16.0,27.0,Win
Dust II,172.0,96.0,20.0,4.0,23.0,2.0,5.0,49.0,Lost
Dust II,180.0,115.0,15.0,5.0,7.0,4.0,20.0,45.0,Win
Mirage,85.0,119.0,24.0,6.0,18.0,2.0,16.0,63.0,Win
Dust II,80.0,0.0,1.0,1.0,8.0,0.0,0.0,3.0,Win
Inferno,224.0,0.0,0.0,0.0,3.0,0.0,0.0,0.0,Lost
Dust II,103.0,116.0,22.0,4.0,21.0,3.0,22.0,58.0,Lost
Dust II,150.0,115.0,34.0,5.0,19.0,4.0,8.0,83.0,Win
Dust II,10.0,92.0,13.0,0.0,21.0,1.0,15.0,30.0,Lost
Dust II,109.0,90.0,24.0,4.0,22.0,2.0,41.0,64.0,Tie
Dust II,11.0,88.0,20.0,7.0,21.0,2.0,20.0,56.0,Win
Dust II,90.0,91.0,19.0,7.0,20.0,2.0,21.0,54.0,Win
Mirage,236.0,115.0,18.0,6.0,19.0,1.0,0.0,47.0,Lost
Dust II,117.0,114.0,12.0,6.0,21.0,2.0,16.0,32.0,Lost
Dust II,11.0,84.0,10.0,4.0,22.0,3.0,60.0,34.0,Lost
Dust II,93.0,87.0,22.0,6.0,8.0,3.0,36.0,62.0,Win
Dust II,241.0,114.0,23.0,3.0,14.0,1.0,34.0,55.0,Win
Dust II,207.0,89.0,15.0,4.0,18.0,0.0,13.0,38.0,Lost
Dust II,158.0,91.0,24.0,6.0,15.0,3.0,20.0,59.0,Win
Dust II,219.0,95.0,7.0,3.0,12.0,1.0,28.0,17.0,Lost
Dust II,388.0,93.0,18.0,2.0,17.0,1.0,27.0,44.0,Win
Overpass,211.0,120.0,13.0,4.0,17.0,3.0,15.0,44.0,Lost
Dust II,300.0,115.0,12.0,3.0,20.0,1.0,25.0,34.0,Tie
Inferno,258.0,126.0,7.0,7.0,20.0,0.0,25.0,23.0,Lost
Dust II,216.0,124.0,16.0,4.0,21.0,3.0,25.0,37.0,Lost
Dust II,215.0,130.0,14.0,2.0,16.0,1.0,28.0,30.0,Lost
Dust II,195.0,128.0,19.0,4.0,17.0,5.0,36.0,57.0,Lost
Dust II,215.0,151.0,8.0,1.0,17.0,0.0,33.0,25.0,Lost
Dust II,257.0,121.0,19.0,5.0,14.0,3.0,30.0,53.0,Win
Dust II,166.0,92.0,9.0,7.0,21.0,1.0,11.0,27.0,Lost
Dust II,192.0,115.0,22.0,3.0,18.0,1.0,9.0,53.0,Lost
Dust II,10.0,89.0,17.0,5.0,11.0,1.0,35.0,50.0,Win
Dust II,12.0,123.0,15.0,1.0,9.0,5.0,33.0,36.0,Win
Dust II,307.0,129.0,12.0,4.0,11.0,2.0,16.0,30.0,Win
Dust II,17.0,94.0,5.0,4.0,16.0,1.0,20.0,21.0,Lost
Dust II,181.0,94.0,17.0,5.0,24.0,2.0,29.0,44.0,Lost
Dust II,106.0,127.0,7.0,6.0,20.0,1.0,28.0,20.0,Lost
Dust II,260.0,134.0,10.0,2.0,18.0,1.0,30.0,26.0,Lost
Dust II,200.0,116.0,15.0,6.0,20.0,1.0,20.0,37.0,Lost
Dust II,44.0,86.0,16.0,3.0,18.0,2.0,6.0,41.0,Win
Dust II,65.0,84.0,9.0,6.0,15.0,1.0,33.0,31.0,Win
Dust II,118.0,118.0,23.0,7.0,22.0,2.0,43.0,55.0,Lost
Dust II,11.0,116.0,9.0,3.0,21.0,0.0,0.0,24.0,Lost
Mirage,10.0,89.0,13.0,6.0,15.0,1.0,7.0,35.0,Win
Overpass,258.0,135.0,12.0,4.0,21.0,1.0,8.0,30.0,Lost
Dust II,236.0,95.0,14.0,7.0,22.0,3.0,26.0,43.0,Tie
Dust II,240.0,354.0,18.0,2.0,17.0,1.0,15.0,55.0,Lost
Cache,22.0,92.0,8.0,3.0,5.0,2.0,25.0,23.0,Win
Dust II,151.0,0.0,1.0,0.0,4.0,0.0,0.0,3.0,Lost
Canals,193.0,126.0,15.0,12.0,18.0,1.0,40.0,50.0,Win
Dust II,79.0,121.0,14.0,2.0,17.0,2.0,28.0,35.0,Lost
Cache,199.0,130.0,11.0,4.0,10.0,2.0,27.0,31.0,Win
Dust II,199.0,136.0,14.0,9.0,20.0,0.0,28.0,43.0,Win
Dust II,446.0,103.0,17.0,6.0,17.0,1.0,35.0,44.0,Tie
Dust II,123.0,104.0,11.0,3.0,20.0,1.0,36.0,33.0,Lost
Dust II,31.0,79.0,11.0,8.0,25.0,2.0,25.0,38.0,Tie
Dust II,167.0,303.0,20.0,8.0,23.0,5.0,42.0,58.0,Tie
Dust II,320.0,312.0,8.0,3.0,19.0,0.0,37.0,19.0,Lost
Dust II,204.0,92.0,15.0,4.0,17.0,3.0,53.0,38.0,Lost
Dust II,236.0,290.0,7.0,1.0,9.0,0.0,14.0,15.0,Lost
Mirage,205.0,294.0,7.0,3.0,12.0,1.0,28.0,17.0,Win
Dust II,209.0,136.0,10.0,2.0,19.0,1.0,45.0,31.0,Lost
Dust II,281.0,299.0,8.0,4.0,18.0,1.0,50.0,20.0,Lost
Dust II,365.0,295.0,12.0,6.0,21.0,1.0,41.0,36.0,Win
Dust II,205.0,290.0,15.0,14.0,21.0,2.0,13.0,50.0,Lost
Dust II,209.0,135.0,10.0,0.0,22.0,2.0,10.0,25.0,Lost
Dust II,15.0,86.0,18.0,3.0,21.0,2.0,44.0,50.0,Lost
Dust II,109.0,84.0,26.0,2.0,10.0,6.0,19.0,58.0,Win
Dust II,145.0,302.0,15.0,4.0,16.0,3.0,26.0,40.0,Win
Dust II,151.0,84.0,13.0,5.0,21.0,1.0,38.0,38.0,Lost
Cache,34.0,0.0,12.0,3.0,11.0,3.0,16.0,29.0,Win
Mirage,57.0,125.0,9.0,7.0,20.0,0.0,55.0,27.0,Lost
Mirage,361.0,287.0,20.0,5.0,14.0,3.0,35.0,53.0,Win
Mirage,326.0,81.0,7.0,4.0,18.0,0.0,57.0,18.0,Lost
Cache,258.0,140.0,6.0,12.0,22.0,1.0,50.0,32.0,Lost
Dust II,171.0,94.0,16.0,3.0,24.0,0.0,50.0,37.0,Win
Inferno,26.0,291.0,13.0,4.0,19.0,0.0,30.0,37.0,Lost
Dust II,10.0,92.0,10.0,2.0,9.0,0.0,40.0,25.0,Win
Mirage,134.0,87.0,29.0,5.0,23.0,5.0,31.0,81.0,Lost
Mirage,92.0,384.0,16.0,8.0,19.0,1.0,18.0,51.0,Win
Dust II,98.0,0.0,1.0,2.0,0.0,0.0,100.0,4.0,Win
Dust II,10.0,363.0,11.0,9.0,19.0,1.0,18.0,34.0,Lost
Cobblestone,260.0,211.0,16.0,5.0,21.0,4.0,12.0,48.0,Win
Mirage,262.0,0.0,6.0,0.0,7.0,2.0,16.0,15.0,Win
Dust II,33.0,92.0,11.0,4.0,16.0,0.0,18.0,28.0,Lost
Mirage,8.0,0.0,5.0,0.0,10.0,0.0,40.0,13.0,Lost
Mirage,30.0,129.0,15.0,3.0,20.0,3.0,26.0,36.0,Win
Cache,2.0,97.0,19.0,2.0,18.0,3.0,26.0,48.0,Win
Mirage,5.0,46.0,5.0,4.0,10.0,1.0,40.0,22.0,Win
Mirage,4.0,72.0,17.0,5.0,14.0,2.0,17.0,47.0,Win
Dust II,3.0,48.0,19.0,5.0,17.0,2.0,10.0,47.0,Win
Dust II,5.0,53.0,16.0,4.0,21.0,3.0,31.0,40.0,Lost
Dust II,20.0,48.0,20.0,5.0,23.0,2.0,55.0,54.0,Lost
Inferno,38.0,57.0,13.0,5.0,16.0,3.0,30.0,36.0,Win
Mirage,28.0,40.0,7.0,2.0,4.0,1.0,0.0,25.0,Win
Overpass,51.0,39.0,13.0,0.0,16.0,1.0,23.0,28.0,Lost
Cache,2.0,40.0,26.0,7.0,21.0,2.0,15.0,66.0,Win
Cache,14.0,59.0,26.0,5.0,16.0,3.0,3.0,68.0,Lost
Nuke,2.0,0.0,4.0,2.0,4.0,0.0,50.0,10.0,Win
Inferno,2.0,0.0,14.0,6.0,16.0,3.0,31.0,38.0,Lost
Dust II,4.0,43.0,12.0,4.0,21.0,1.0,16.0,29.0,Lost
Mirage,5.0,41.0,16.0,4.0,17.0,3.0,6.0,45.0,Lost
Mirage,35.0,53.0,17.0,3.0,18.0,3.0,11.0,48.0,Lost
Mirage,4.0,48.0,32.0,7.0,25.0,5.0,31.0,82.0,Tie
Mirage,9.0,42.0,24.0,3.0,8.0,4.0,16.0,64.0,Win
Inferno,22.0,60.0,8.0,7.0,8.0,0.0,20.0,28.0,Win
Mirage,10.0,41.0,11.0,2.0,7.0,2.0,18.0,32.0,Win
Mirage,98.0,41.0,18.0,4.0,20.0,2.0,16.0,53.0,Lost
Mirage,16.0,55.0,16.0,7.0,10.0,4.0,25.0,42.0,Win
Mirage,18.0,41.0,19.0,8.0,20.0,2.0,21.0,52.0,Lost
Dust II,26.0,45.0,3.0,1.0,9.0,0.0,66.0,7.0,Lost
Mirage,140.0,55.0,21.0,7.0,25.0,5.0,33.0,68.0,Lost
Dust II,9.0,59.0,18.0,4.0,23.0,4.0,50.0,44.0,Win
Mirage,5.0,42.0,24.0,2.0,16.0,2.0,20.0,63.0,Win
Mirage,70.0,49.0,27.0,6.0,17.0,2.0,29.0,66.0,Win
Dust II,9.0,49.0,10.0,1.0,17.0,0.0,60.0,21.0,Lost
Dust II,8.0,44.0,15.0,3.0,17.0,3.0,33.0,44.0,Lost
Mirage,14.0,47.0,11.0,4.0,19.0,1.0,9.0,26.0,Lost
Inferno,16.0,56.0,21.0,10.0,20.0,3.0,23.0,60.0,Win
Dust II,36.0,41.0,12.0,1.0,22.0,2.0,0.0,25.0,Lost
Dust II,8.0,43.0,15.0,3.0,10.0,3.0,20.0,33.0,Win
Dust II,8.0,46.0,11.0,5.0,23.0,1.0,18.0,29.0,Lost
Mirage,15.0,41.0,13.0,3.0,11.0,1.0,30.0,32.0,Win
Mirage,38.0,58.0,12.0,1.0,9.0,2.0,16.0,30.0,Win
Dust II,32.0,114.0,9.0,2.0,16.0,1.0,22.0,28.0,Win
Inferno,47.0,39.0,10.0,4.0,22.0,0.0,30.0,30.0,Lost
Mirage,202.0,44.0,23.0,4.0,22.0,2.0,26.0,64.0,Tie
Mirage,3.0,36.0,9.0,3.0,18.0,1.0,11.0,23.0,Lost
Cobblestone,24.0,16.0,7.0,5.0,15.0,2.0,25.0,23.0,Win
Mirage,23.0,29.0,11.0,1.0,8.0,0.0,9.0,29.0,Win
Inferno,63.0,34.0,12.0,3.0,17.0,0.0,25.0,29.0,Lost
Mirage,14.0,15.0,11.0,3.0,9.0,1.0,8.0,28.0,Win
Cache,4.0,29.0,10.0,4.0,17.0,0.0,30.0,31.0,Lost
Inferno,4.0,28.0,21.0,3.0,19.0,2.0,23.0,54.0,Tie
Mirage,2.0,17.0,13.0,2.0,19.0,4.0,23.0,42.0,Win
Mirage,152.0,29.0,16.0,2.0,24.0,1.0,25.0,40.0,Lost
Mirage,143.0,36.0,15.0,3.0,16.0,1.0,40.0,40.0,Win
Dust II,5.0,14.0,22.0,4.0,23.0,0.0,13.0,55.0,Tie
Mirage,6.0,13.0,11.0,5.0,21.0,3.0,16.0,36.0,Tie
Inferno,47.0,14.0,12.0,2.0,14.0,2.0,16.0,36.0,Win
Inferno,8.0,0.0,3.0,0.0,2.0,0.0,33.0,11.0,Win
Inferno,83.0,34.0,16.0,5.0,21.0,0.0,50.0,46.0,Lost
Mirage,18.0,20.0,13.0,5.0,10.0,1.0,23.0,35.0,Win
Mirage,9.0,70.0,19.0,4.0,15.0,2.0,21.0,58.0,Win
Mirage,11.0,14.0,21.0,4.0,19.0,3.0,19.0,54.0,Win
Mirage,11.0,26.0,16.0,1.0,18.0,5.0,18.0,47.0,Win
Dust II,10.0,17.0,12.0,4.0,20.0,2.0,8.0,33.0,Lost
Mirage,14.0,16.0,12.0,2.0,20.0,2.0,25.0,35.0,Lost
Dust II,188.0,90.0,10.0,6.0,13.0,4.0,33.0,40.0,Win
Inferno,10.0,32.0,17.0,1.0,20.0,2.0,35.0,37.0,Lost
Mirage,4.0,13.0,17.0,4.0,23.0,1.0,35.0,53.0,Lost
Dust II,52.0,80.0,14.0,6.0,23.0,2.0,21.0,40.0,Lost
Mirage,11.0,27.0,6.0,3.0,18.0,1.0,25.0,24.0,Lost
Mirage,9.0,26.0,13.0,7.0,22.0,3.0,15.0,41.0,Lost
Dust II,1.0,18.0,16.0,5.0,20.0,2.0,37.0,48.0,Lost
Dust II,72.0,15.0,14.0,3.0,17.0,2.0,13.0,33.0,Win
Mirage,10.0,13.0,22.0,6.0,13.0,6.0,36.0,63.0,Win
Dust II,29.0,15.0,16.0,3.0,13.0,2.0,18.0,43.0,Win
Dust II,3.0,14.0,17.0,8.0,20.0,1.0,29.0,51.0,Tie
Mirage,20.0,13.0,13.0,3.0,23.0,1.0,23.0,40.0,Tie
Inferno,11.0,34.0,12.0,0.0,18.0,0.0,33.0,24.0,Lost
Mirage,11.0,45.0,4.0,0.0,18.0,0.0,25.0,10.0,Lost
Mirage,10.0,23.0,14.0,6.0,12.0,0.0,14.0,39.0,Win
Mirage,9.0,0.0,6.0,2.0,17.0,0.0,66.0,14.0,Lost
Dust II,2.0,15.0,9.0,5.0,19.0,0.0,33.0,23.0,Lost
Inferno,7.0,24.0,7.0,4.0,16.0,0.0,14.0,22.0,Lost
Cobblestone,10.0,0.0,12.0,5.0,20.0,2.0,16.0,35.0,Win
Mirage,9.0,15.0,7.0,6.0,22.0,0.0,42.0,26.0,Win
Mirage,2.0,227.0,12.0,3.0,20.0,1.0,41.0,29.0,Lost
Mirage,17.0,14.0,20.0,3.0,19.0,1.0,40.0,48.0,Lost
Mirage,2.0,130.0,12.0,4.0,19.0,2.0,16.0,45.0,Win
Mirage,12.0,45.0,9.0,5.0,20.0,0.0,10.0,29.0,Win
Inferno,41.0,0.0,1.0,1.0,3.0,0.0,0.0,3.0,Lost
Dust II,3.0,25.0,8.0,5.0,12.0,2.0,62.0,28.0,Win
Dust II,0.0,14.0,13.0,1.0,15.0,1.0,23.0,33.0,Win
Dust II,69.0,31.0,13.0,10.0,8.0,2.0,23.0,36.0,Win
Inferno,25.0,14.0,11.0,4.0,11.0,1.0,9.0,27.0,Win
Mirage,1.0,19.0,17.0,5.0,16.0,2.0,23.0,47.0,Win
Inferno,3.0,25.0,11.0,8.0,23.0,0.0,27.0,30.0,Tie
Inferno,2.0,0.0,3.0,0.0,6.0,0.0,66.0,7.0,Win
Inferno,30.0,12.0,16.0,2.0,18.0,2.0,17.0,41.0,Lost
Mirage,9.0,15.0,18.0,5.0,21.0,1.0,52.0,44.0,Win
Mirage,60.0,23.0,13.0,3.0,21.0,1.0,23.0,42.0,Win
Inferno,27.0,15.0,13.0,3.0,15.0,3.0,7.0,34.0,Win
Inferno,6.0,11.0,11.0,1.0,13.0,1.0,0.0,25.0,Win
Inferno,21.0,32.0,15.0,5.0,9.0,4.0,13.0,37.0,Win
Inferno,17.0,0.0,1.0,1.0,6.0,0.0,0.0,3.0,Lost
Inferno,12.0,15.0,10.0,2.0,17.0,1.0,10.0,24.0,Win
Inferno,7.0,40.0,18.0,5.0,16.0,0.0,5.0,42.0,Win
Dust II,8.0,26.0,17.0,6.0,22.0,2.0,35.0,43.0,Win
Mirage,3.0,30.0,18.0,5.0,9.0,5.0,33.0,45.0,Win
Inferno,7.0,11.0,19.0,2.0,23.0,2.0,31.0,45.0,Tie
Mirage,6.0,23.0,14.0,5.0,20.0,1.0,21.0,41.0,Lost
Inferno,7.0,28.0,17.0,3.0,18.0,5.0,23.0,45.0,Win
Cobblestone,3.0,14.0,8.0,1.0,18.0,0.0,25.0,23.0,Win
Mirage,10.0,10.0,14.0,2.0,13.0,1.0,7.0,41.0,Win
Mirage,6.0,39.0,7.0,5.0,9.0,0.0,25.0,26.0,Win
Mirage,32.0,11.0,5.0,4.0,18.0,0.0,40.0,20.0,Lost
Mirage,5.0,30.0,30.0,5.0,19.0,4.0,20.0,75.0,Tie
Dust II,2.0,16.0,6.0,4.0,18.0,2.0,16.0,22.0,Lost
Inferno,1.0,150.0,9.0,4.0,23.0,2.0,22.0,27.0,Tie
Inferno,3.0,36.0,7.0,8.0,12.0,1.0,28.0,25.0,Win
Mirage,10.0,18.0,6.0,2.0,18.0,0.0,16.0,18.0,Lost
Inferno,36.0,16.0,10.0,2.0,15.0,1.0,30.0,26.0,Win
Inferno,7.0,11.0,15.0,4.0,21.0,1.0,20.0,36.0,Lost
Inferno,28.0,12.0,13.0,6.0,21.0,2.0,15.0,39.0,Win
Mirage,4.0,24.0,17.0,5.0,18.0,2.0,35.0,49.0,Win
Dust II,2.0,16.0,12.0,6.0,19.0,3.0,16.0,39.0,Lost
Inferno,2.0,12.0,10.0,0.0,17.0,0.0,30.0,23.0,Lost
Dust II,7.0,16.0,15.0,3.0,10.0,3.0,26.0,40.0,Win
Mirage,3.0,62.0,8.0,4.0,16.0,0.0,12.0,28.0,Win
Dust II,6.0,19.0,10.0,4.0,11.0,3.0,50.0,28.0,Win
Mirage,10.0,22.0,9.0,3.0,17.0,2.0,22.0,25.0,Lost
Dust II,3.0,15.0,22.0,5.0,13.0,2.0,22.0,52.0,Win
Inferno,2.0,16.0,14.0,6.0,25.0,0.0,21.0,37.0,Tie
Mirage,10.0,0.0,1.0,2.0,10.0,0.0,0.0,4.0,Lost
Inferno,28.0,16.0,11.0,9.0,18.0,2.0,36.0,35.0,Win
Mirage,1.0,27.0,20.0,2.0,19.0,1.0,10.0,50.0,Lost
Dust II,3.0,13.0,19.0,4.0,14.0,7.0,31.0,51.0,Win
Cache,4.0,13.0,15.0,5.0,6.0,2.0,26.0,38.0,Win
Cobblestone,59.0,29.0,21.0,3.0,22.0,3.0,33.0,54.0,Lost
Dust II,10.0,14.0,22.0,2.0,10.0,2.0,9.0,51.0,Win
Inferno,1.0,23.0,10.0,4.0,13.0,1.0,30.0,27.0,Win
Inferno,31.0,24.0,17.0,5.0,23.0,2.0,17.0,45.0,Lost
Mirage,3.0,15.0,16.0,1.0,14.0,4.0,31.0,47.0,Win
Inferno,6.0,33.0,10.0,2.0,12.0,1.0,30.0,33.0,Win
Dust II,27.0,17.0,13.0,4.0,25.0,1.0,53.0,39.0,Tie
Mirage,6.0,25.0,11.0,1.0,20.0,0.0,36.0,27.0,Lost
Mirage,12.0,26.0,16.0,2.0,9.0,3.0,18.0,49.0,Win
Inferno,1.0,11.0,16.0,4.0,23.0,1.0,18.0,42.0,Lost
Dust II,1.0,32.0,15.0,2.0,18.0,0.0,53.0,32.0,Lost
Mirage,1.0,12.0,5.0,5.0,17.0,0.0,20.0,15.0,Lost
Mirage,1.0,32.0,5.0,2.0,17.0,0.0,40.0,12.0,Lost
Mirage,115.0,15.0,8.0,4.0,16.0,2.0,50.0,28.0,Win
Mirage,2.0,15.0,16.0,2.0,18.0,1.0,25.0,43.0,Lost
Mirage,2.0,13.0,9.0,0.0,8.0,0.0,11.0,21.0,Win
Mirage,13.0,17.0,21.0,1.0,22.0,3.0,28.0,48.0,Tie
Mirage,2.0,31.0,11.0,3.0,25.0,1.0,45.0,29.0,Lost
Mirage,1.0,39.0,27.0,6.0,20.0,2.0,22.0,71.0,Lost
Cobblestone,30.0,24.0,16.0,1.0,23.0,3.0,12.0,40.0,Lost
Mirage,3.0,16.0,11.0,2.0,13.0,2.0,18.0,28.0,Win
Dust II,1.0,27.0,12.0,0.0,21.0,2.0,50.0,33.0,Lost
Mirage,0.0,15.0,11.0,3.0,25.0,1.0,45.0,31.0,Lost
Cache,5.0,28.0,11.0,4.0,17.0,0.0,27.0,36.0,Win
Dust II,23.0,0.0,6.0,5.0,15.0,1.0,33.0,19.0,Lost
Mirage,1.0,27.0,6.0,2.0,17.0,1.0,16.0,27.0,Lost
Cache,8.0,27.0,13.0,3.0,24.0,1.0,50.0,40.0,Tie
Inferno,21.0,14.0,16.0,5.0,25.0,0.0,25.0,41.0,Tie
Cobblestone,135.0,30.0,18.0,4.0,21.0,1.0,16.0,46.0,Win
Mirage,26.0,9.0,19.0,3.0,23.0,2.0,21.0,48.0,Tie
Dust II,22.0,14.0,7.0,5.0,22.0,0.0,37.0,22.0,Lost
Inferno,10.0,16.0,12.0,1.0,16.0,0.0,25.0,25.0,Lost
Inferno,8.0,33.0,16.0,1.0,15.0,2.0,18.0,35.0,Lost
Dust II,15.0,38.0,10.0,5.0,23.0,1.0,30.0,27.0,Lost
Mirage,5.0,18.0,19.0,2.0,20.0,1.0,15.0,47.0,Tie
Inferno,27.0,18.0,17.0,3.0,17.0,2.0,29.0,45.0,Win
Italy,6.0,34.0,7.0,4.0,17.0,0.0,28.0,22.0,Lost
Inferno,12.0,26.0,31.0,5.0,16.0,4.0,19.0,71.0,Win
Inferno,9.0,41.0,20.0,5.0,20.0,2.0,19.0,53.0,Tie
Cobblestone,30.0,45.0,20.0,3.0,20.0,1.0,15.0,47.0,Lost
Dust II,3.0,30.0,17.0,2.0,14.0,0.0,23.0,45.0,Win
Inferno,11.0,25.0,11.0,3.0,20.0,0.0,0.0,27.0,Lost
Inferno,1.0,38.0,14.0,5.0,22.0,1.0,21.0,35.0,Lost
Dust II,0.0,32.0,19.0,6.0,24.0,3.0,15.0,59.0,Lost
Dust II,4.0,147.0,15.0,5.0,11.0,2.0,40.0,42.0,Win
Dust II,7.0,17.0,10.0,2.0,21.0,3.0,0.0,26.0,Win
Mirage,6.0,23.0,22.0,4.0,22.0,4.0,27.0,61.0,Tie
Mirage,5.0,13.0,5.0,5.0,17.0,0.0,40.0,16.0,Lost
Mirage,17.0,33.0,15.0,6.0,23.0,1.0,26.0,45.0,Lost
Mirage,32.0,81.0,12.0,2.0,20.0,1.0,33.0,33.0,Lost
Dust II,7.0,23.0,14.0,2.0,17.0,1.0,7.0,36.0,Lost
Dust II,1.0,23.0,16.0,4.0,20.0,2.0,31.0,46.0,Lost
Dust II,29.0,44.0,11.0,6.0,20.0,1.0,9.0,37.0,Tie
Mirage,36.0,27.0,21.0,2.0,15.0,3.0,38.0,49.0,Win
Mirage,1.0,43.0,13.0,5.0,19.0,1.0,7.0,33.0,Lost
Dust II,66.0,28.0,13.0,5.0,8.0,1.0,23.0,33.0,Win
Dust II,51.0,20.0,14.0,3.0,19.0,1.0,14.0,39.0,Lost
Dust II,3.0,22.0,11.0,5.0,14.0,1.0,8.0,29.0,Win
Dust II,5.0,19.0,18.0,3.0,23.0,1.0,22.0,49.0,Tie
Mirage,5.0,40.0,11.0,6.0,8.0,1.0,9.0,39.0,Win
Dust II,2.0,18.0,13.0,6.0,22.0,1.0,23.0,35.0,Win
Dust II,18.0,41.0,8.0,8.0,22.0,2.0,50.0,30.0,Lost
Mirage,4.0,0.0,3.0,1.0,9.0,0.0,0.0,7.0,Lost
Dust II,2.0,47.0,16.0,4.0,13.0,3.0,18.0,41.0,Win
Dust II,13.0,35.0,15.0,4.0,12.0,3.0,33.0,35.0,Win
Dust II,2.0,38.0,20.0,4.0,17.0,1.0,35.0,49.0,Win
Mirage,1.0,36.0,19.0,6.0,21.0,3.0,26.0,49.0,Lost
Mirage,43.0,19.0,9.0,1.0,17.0,0.0,33.0,28.0,Lost
Mirage,3.0,24.0,20.0,4.0,10.0,4.0,10.0,50.0,Win
Mirage,8.0,25.0,20.0,5.0,20.0,4.0,15.0,52.0,Win
Dust II,5.0,40.0,18.0,4.0,17.0,1.0,22.0,49.0,Win
Inferno,16.0,51.0,19.0,3.0,19.0,3.0,31.0,48.0,Win
Inferno,26.0,68.0,5.0,2.0,16.0,0.0,20.0,12.0,Lost
Dust II,4.0,18.0,12.0,7.0,14.0,2.0,16.0,33.0,Win
Dust II,17.0,37.0,28.0,4.0,18.0,4.0,21.0,62.0,Win
Dust II,3.0,25.0,12.0,3.0,22.0,0.0,41.0,32.0,Lost
Dust II,1.0,78.0,14.0,1.0,18.0,0.0,42.0,34.0,Lost
Mirage,0.0,48.0,12.0,5.0,23.0,1.0,33.0,36.0,Lost
Dust II,8.0,76.0,25.0,4.0,16.0,1.0,20.0,56.0,Win
Dust II,3.0,80.0,17.0,4.0,16.0,1.0,11.0,50.0,Win
Mirage,32.0,31.0,18.0,5.0,12.0,3.0,22.0,52.0,Win
Mirage,4.0,37.0,19.0,4.0,17.0,3.0,26.0,47.0,Win
Dust II,5.0,38.0,12.0,1.0,17.0,1.0,50.0,26.0,Lost
Dust II,28.0,33.0,12.0,2.0,17.0,3.0,8.0,33.0,Lost
Mirage,8.0,34.0,14.0,1.0,19.0,1.0,21.0,35.0,Lost
Dust II,2.0,39.0,10.0,2.0,19.0,1.0,30.0,26.0,Lost
Overpass,1.0,39.0,19.0,3.0,18.0,3.0,36.0,46.0,Lost
Mirage,5.0,39.0,26.0,3.0,19.0,6.0,23.0,67.0,Win
Dust II,19.0,32.0,9.0,3.0,18.0,1.0,11.0,28.0,Lost
Cache,2.0,44.0,7.0,1.0,21.0,2.0,33.0,23.0,Lost
Dust II,2.0,24.0,16.0,6.0,17.0,3.0,12.0,44.0,Win
Dust II,7.0,38.0,7.0,0.0,16.0,0.0,28.0,14.0,Lost
Mirage,31.0,41.0,8.0,3.0,14.0,0.0,12.0,19.0,Lost
Mirage,20.0,38.0,19.0,3.0,16.0,2.0,10.0,47.0,Win
Dust II,55.0,42.0,15.0,5.0,22.0,1.0,6.0,42.0,Lost
Inferno,6.0,21.0,21.0,8.0,23.0,2.0,19.0,50.0,Win
Mirage,15.0,25.0,17.0,10.0,23.0,1.0,52.0,52.0,Win
Mirage,55.0,46.0,7.0,0.0,17.0,0.0,28.0,14.0,Lost
Dust II,54.0,20.0,13.0,1.0,5.0,3.0,38.0,33.0,Win
Mirage,28.0,20.0,10.0,4.0,18.0,2.0,20.0,29.0,Lost
Inferno,5.0,35.0,15.0,4.0,14.0,2.0,33.0,36.0,Win
Inferno,1.0,49.0,14.0,4.0,13.0,2.0,21.0,44.0,Win
Inferno,30.0,52.0,21.0,3.0,16.0,3.0,9.0,52.0,Win
Mirage,5.0,39.0,22.0,3.0,19.0,5.0,22.0,68.0,Win
Dust II,102.0,40.0,13.0,7.0,22.0,1.0,15.0,44.0,Lost
Overpass,1.0,30.0,13.0,9.0,21.0,0.0,46.0,43.0,Lost
Mirage,3.0,19.0,6.0,3.0,17.0,0.0,0.0,19.0,Lost
Mirage,77.0,31.0,21.0,7.0,21.0,3.0,23.0,53.0,Lost
Dust II,1.0,43.0,13.0,5.0,10.0,1.0,7.0,33.0,Win
Dust II,9.0,73.0,20.0,6.0,20.0,1.0,25.0,48.0,Win
Dust II,2.0,0.0,9.0,1.0,8.0,2.0,55.0,21.0,Lost
Cobblestone,1.0,62.0,27.0,1.0,21.0,4.0,29.0,64.0,Tie
Dust II,3.0,67.0,17.0,3.0,14.0,1.0,29.0,37.0,Win
Inferno,3.0,38.0,15.0,7.0,17.0,3.0,26.0,43.0,Win
Inferno,5.0,41.0,14.0,5.0,22.0,1.0,21.0,36.0,Lost
Nuke,2.0,55.0,14.0,8.0,23.0,3.0,21.0,43.0,Lost
Inferno,5.0,0.0,0.0,0.0,1.0,0.0,0.0,0.0,Lost
Inferno,12.0,37.0,12.0,4.0,22.0,1.0,16.0,34.0,Lost
Cache,2.0,32.0,30.0,6.0,16.0,4.0,33.0,76.0,Win
Mirage,44.0,36.0,13.0,7.0,20.0,1.0,46.0,35.0,Lost
Inferno,4.0,39.0,11.0,5.0,21.0,0.0,41.0,27.0,Win
Mirage,0.0,22.0,14.0,2.0,20.0,1.0,35.0,36.0,Lost
Overpass,12.0,51.0,17.0,1.0,18.0,1.0,29.0,40.0,Lost
Dust II,21.0,0.0,19.0,4.0,18.0,0.0,15.0,51.0,Lost
Dust II,6.0,23.0,12.0,2.0,17.0,1.0,23.0,26.0,Lost
Mirage,5.0,37.0,9.0,5.0,15.0,2.0,33.0,25.0,Lost
Dust II,22.0,39.0,11.0,0.0,13.0,3.0,9.0,24.0,Win
Dust II,7.0,40.0,9.0,3.0,18.0,0.0,33.0,21.0,Lost
Mirage,2.0,39.0,12.0,2.0,12.0,3.0,23.0,36.0,Win
Dust II,46.0,42.0,17.0,4.0,19.0,1.0,23.0,40.0,Win
Dust II,0.0,37.0,26.0,6.0,16.0,6.0,23.0,71.0,Win
Mirage,2.0,31.0,24.0,3.0,20.0,2.0,33.0,62.0,Lost
Mirage,26.0,0.0,5.0,0.0,15.0,1.0,20.0,15.0,Lost
Mirage,7.0,35.0,12.0,7.0,19.0,2.0,41.0,34.0,Lost
Dust II,1.0,41.0,14.0,8.0,16.0,1.0,14.0,42.0,Win
Mirage,2.0,38.0,12.0,4.0,16.0,1.0,50.0,35.0,Lost
Inferno,3.0,41.0,25.0,3.0,22.0,3.0,16.0,58.0,Lost
Dust II,3.0,37.0,22.0,10.0,11.0,3.0,22.0,58.0,Win
Cache,9.0,35.0,13.0,4.0,22.0,2.0,30.0,45.0,Win
Inferno,8.0,40.0,18.0,4.0,15.0,2.0,16.0,47.0,Win
Dust II,4.0,0.0,17.0,2.0,13.0,3.0,47.0,47.0,Lost
Dust II,2.0,24.0,8.0,5.0,20.0,0.0,37.0,21.0,Lost
Dust II,9.0,34.0,11.0,8.0,17.0,3.0,18.0,39.0,Win
Mirage,8.0,43.0,25.0,5.0,15.0,2.0,32.0,68.0,Win
Dust II,24.0,0.0,17.0,6.0,19.0,1.0,38.0,45.0,Lost
Mirage,6.0,41.0,11.0,4.0,18.0,2.0,18.0,32.0,Lost
Dust II,3.0,33.0,25.0,3.0,13.0,4.0,32.0,62.0,Win
Inferno,13.0,39.0,15.0,2.0,10.0,4.0,33.0,32.0,Win
Mirage,16.0,20.0,13.0,10.0,19.0,2.0,30.0,46.0,Lost
Dust II,5.0,37.0,19.0,4.0,10.0,4.0,15.0,48.0,Win
Dust II,19.0,22.0,8.0,2.0,19.0,0.0,0.0,22.0,Lost
Inferno,6.0,26.0,11.0,7.0,11.0,0.0,54.0,33.0,Win
Nuke,35.0,27.0,7.0,4.0,22.0,0.0,14.0,18.0,Lost
Cache,3.0,57.0,10.0,4.0,12.0,1.0,50.0,34.0,Win
Dust II,77.0,0.0,10.0,2.0,13.0,0.0,20.0,31.0,Lost
Mirage,3.0,116.0,11.0,2.0,11.0,1.0,18.0,34.0,Win
Cache,4.0,124.0,10.0,1.0,18.0,2.0,0.0,23.0,Lost
Mirage,7.0,24.0,7.0,3.0,18.0,0.0,28.0,21.0,Lost
Dust II,14.0,36.0,12.0,5.0,20.0,2.0,8.0,31.0,Lost
Dust II,3.0,23.0,14.0,8.0,18.0,2.0,21.0,43.0,Lost
Overpass,7.0,32.0,10.0,4.0,16.0,2.0,10.0,29.0,Lost
Nuke,3.0,39.0,12.0,5.0,25.0,0.0,25.0,32.0,Lost
Dust II,8.0,35.0,16.0,5.0,25.0,2.0,37.0,42.0,Lost
Dust II,6.0,26.0,13.0,7.0,22.0,1.0,61.0,45.0,Tie
Inferno,5.0,24.0,24.0,9.0,22.0,3.0,16.0,61.0,Lost
Mirage,20.0,25.0,22.0,4.0,10.0,3.0,18.0,52.0,Win
Dust II,4.0,23.0,30.0,5.0,18.0,6.0,20.0,71.0,Win
Cache,3.0,23.0,21.0,5.0,20.0,4.0,9.0,53.0,Lost
Dust II,5.0,40.0,19.0,6.0,14.0,2.0,31.0,51.0,Win
Inferno,5.0,23.0,11.0,2.0,9.0,2.0,27.0,24.0,Lost
Inferno,8.0,41.0,13.0,3.0,12.0,3.0,15.0,31.0,Win
Inferno,4.0,20.0,18.0,3.0,24.0,1.0,27.0,43.0,Lost
Mirage,4.0,34.0,14.0,5.0,24.0,3.0,28.0,43.0,Lost
Dust II,42.0,21.0,17.0,1.0,13.0,2.0,41.0,46.0,Win
Inferno,23.0,36.0,5.0,3.0,14.0,0.0,20.0,19.0,Win
Inferno,3.0,37.0,15.0,6.0,19.0,2.0,46.0,37.0,Lost
Inferno,0.0,50.0,24.0,3.0,22.0,5.0,50.0,59.0,Lost
Inferno,7.0,36.0,23.0,4.0,17.0,4.0,34.0,61.0,Lost
Inferno,4.0,53.0,20.0,14.0,21.0,2.0,25.0,62.0,Win
Inferno,12.0,42.0,15.0,8.0,18.0,2.0,26.0,38.0,Win
Inferno,2.0,63.0,10.0,9.0,18.0,1.0,40.0,29.0,Lost
Inferno,4.0,335.0,15.0,4.0,20.0,2.0,26.0,43.0,Lost
Inferno,8.0,49.0,24.0,2.0,17.0,4.0,16.0,55.0,Win
Dust II,8.0,724.0,13.0,3.0,20.0,2.0,30.0,36.0,Win
Dust II,9.0,53.0,13.0,1.0,17.0,1.0,46.0,29.0,Win
Dust II,5.0,0.0,7.0,2.0,10.0,0.0,28.0,30.0,Lost
Dust II,4.0,42.0,19.0,4.0,18.0,3.0,36.0,56.0,Win
Inferno,13.0,39.0,28.0,7.0,22.0,4.0,21.0,72.0,Win
Inferno,5.0,47.0,7.0,2.0,16.0,0.0,42.0,18.0,Lost
Dust II,1.0,69.0,19.0,4.0,21.0,3.0,21.0,50.0,Win
Mirage,1.0,38.0,15.0,6.0,23.0,0.0,26.0,39.0,Lost
Dust II,25.0,49.0,7.0,7.0,16.0,1.0,57.0,31.0,Win
Dust II,33.0,45.0,14.0,3.0,12.0,2.0,42.0,42.0,Win
Cache,4.0,40.0,13.0,4.0,21.0,2.0,0.0,39.0,Lost
Dust II,1.0,38.0,7.0,0.0,14.0,2.0,0.0,24.0,Win
Mirage,4.0,38.0,9.0,6.0,22.0,1.0,11.0,33.0,Win
Dust II,62.0,45.0,19.0,2.0,11.0,2.0,15.0,56.0,Win
Dust II,27.0,34.0,13.0,8.0,19.0,4.0,46.0,46.0,Lost
Inferno,30.0,41.0,14.0,5.0,18.0,1.0,57.0,38.0,Lost
Inferno,32.0,49.0,11.0,2.0,21.0,1.0,18.0,24.0,Lost
Dust II,1.0,73.0,6.0,3.0,16.0,0.0,33.0,19.0,Lost
Dust II,3.0,40.0,7.0,2.0,17.0,1.0,0.0,16.0,Lost
Mirage,8.0,137.0,15.0,6.0,26.0,0.0,20.0,40.0,Lost
Mirage,0.0,58.0,13.0,1.0,17.0,1.0,53.0,36.0,Lost
Inferno,1.0,38.0,13.0,10.0,21.0,3.0,46.0,42.0,Win
Dust II,13.0,44.0,13.0,3.0,17.0,1.0,15.0,31.0,Lost
Dust II,1.0,24.0,9.0,4.0,18.0,1.0,44.0,22.0,Lost
Mirage,7.0,24.0,12.0,4.0,18.0,0.0,25.0,33.0,Lost
Dust II,3.0,95.0,15.0,7.0,15.0,2.0,20.0,43.0,Win
Inferno,15.0,39.0,7.0,0.0,5.0,2.0,28.0,27.0,Win
Dust II,1.0,38.0,9.0,4.0,23.0,0.0,22.0,28.0,Tie
Dust II,5.0,40.0,11.0,3.0,15.0,2.0,18.0,38.0,Win
Dust II,34.0,53.0,12.0,5.0,17.0,1.0,33.0,35.0,Win
Dust II,1.0,25.0,14.0,3.0,24.0,0.0,14.0,34.0,Lost
Mirage,3.0,22.0,6.0,5.0,21.0,0.0,16.0,24.0,Lost
Mirage,18.0,35.0,13.0,6.0,16.0,1.0,30.0,33.0,Win
Dust II,11.0,40.0,9.0,5.0,17.0,1.0,22.0,31.0,Win
Dust II,3.0,50.0,28.0,4.0,19.0,3.0,14.0,74.0,Tie
Dust II,5.0,27.0,19.0,6.0,14.0,4.0,33.0,59.0,Win
Dust II,3.0,41.0,12.0,5.0,12.0,1.0,16.0,34.0,Win
Dust II,7.0,35.0,18.0,3.0,19.0,2.0,31.0,48.0,Lost
Mirage,109.0,62.0,18.0,3.0,19.0,2.0,11.0,53.0,Lost
Dust II,3.0,34.0,15.0,5.0,16.0,0.0,20.0,41.0,Lost
Inferno,6.0,40.0,19.0,6.0,21.0,2.0,36.0,50.0,Lost
Dust II,6.0,37.0,11.0,2.0,8.0,1.0,9.0,32.0,Win
Cache,5.0,0.0,9.0,3.0,14.0,1.0,22.0,22.0,Lost
Dust II,2.0,23.0,15.0,2.0,24.0,2.0,20.0,35.0,Lost
Dust II,3.0,44.0,17.0,4.0,8.0,3.0,11.0,39.0,Win
Dust II,9.0,25.0,26.0,7.0,16.0,3.0,19.0,67.0,Win
Dust II,11.0,38.0,10.0,3.0,18.0,0.0,30.0,28.0,Lost
Dust II,8.0,38.0,13.0,4.0,22.0,1.0,23.0,33.0,Lost
Mirage,9.0,26.0,21.0,6.0,15.0,1.0,47.0,52.0,Win
Dust II,37.0,27.0,23.0,10.0,16.0,3.0,21.0,60.0,Win
Dust II,30.0,24.0,22.0,4.0,16.0,2.0,27.0,51.0,Win
Inferno,30.0,27.0,17.0,6.0,16.0,4.0,47.0,47.0,Win
Cache,10.0,29.0,14.0,5.0,17.0,1.0,14.0,39.0,Win
Mirage,26.0,21.0,10.0,4.0,18.0,1.0,20.0,26.0,Lost
Dust II,3.0,21.0,17.0,5.0,13.0,1.0,17.0,51.0,Win
Cache,151.0,0.0,0.0,0.0,5.0,0.0,0.0,0.0,Win
Cache,105.0,40.0,18.0,3.0,23.0,1.0,11.0,41.0,Lost
Dust II,4.0,103.0,26.0,8.0,17.0,2.0,30.0,70.0,Lost
Cache,33.0,75.0,16.0,5.0,19.0,1.0,37.0,41.0,Win
Mirage,6.0,21.0,10.0,6.0,18.0,3.0,30.0,36.0,Win
Inferno,1.0,25.0,20.0,5.0,21.0,2.0,40.0,49.0,Tie
Inferno,1.0,41.0,7.0,4.0,16.0,0.0,14.0,18.0,Lost
Cache,25.0,35.0,27.0,4.0,19.0,8.0,21.0,80.0,Lost
Mirage,16.0,36.0,13.0,7.0,22.0,0.0,7.0,40.0,Lost
Dust II,19.0,21.0,10.0,1.0,17.0,0.0,40.0,24.0,Lost
Dust II,24.0,26.0,24.0,8.0,22.0,3.0,8.0,61.0,Win
Dust II,3.0,70.0,14.0,3.0,20.0,2.0,7.0,31.0,Lost
Dust II,3.0,29.0,7.0,3.0,17.0,1.0,42.0,24.0,Lost
Dust II,9.0,40.0,21.0,6.0,23.0,3.0,38.0,61.0,Win
Mirage,15.0,27.0,16.0,3.0,16.0,2.0,25.0,40.0,Lost
Mirage,32.0,39.0,13.0,1.0,16.0,2.0,23.0,30.0,Lost
Mirage,18.0,22.0,10.0,7.0,13.0,1.0,18.0,35.0,Win
Dust II,1.0,35.0,18.0,6.0,22.0,3.0,27.0,53.0,Tie
Overpass,16.0,0.0,16.0,4.0,15.0,2.0,37.0,41.0,Win
Overpass,34.0,39.0,8.0,2.0,18.0,0.0,12.0,20.0,Lost
Dust II,21.0,22.0,20.0,4.0,19.0,3.0,40.0,51.0,Win
Mirage,133.0,20.0,14.0,8.0,20.0,4.0,21.0,47.0,Lost
Mirage,5.0,21.0,14.0,3.0,18.0,1.0,35.0,36.0,Lost
Cache,13.0,22.0,21.0,6.0,19.0,3.0,19.0,58.0,Lost
Inferno,15.0,38.0,22.0,12.0,21.0,3.0,36.0,64.0,Win
Mirage,39.0,37.0,15.0,6.0,10.0,3.0,20.0,46.0,Win
Dust II,7.0,36.0,17.0,2.0,17.0,1.0,41.0,44.0,Lost
Mirage,14.0,20.0,20.0,8.0,9.0,7.0,20.0,60.0,Win
Dust II,2.0,41.0,17.0,5.0,18.0,4.0,41.0,48.0,Lost
Inferno,17.0,43.0,22.0,1.0,18.0,4.0,22.0,53.0,Tie
Mirage,84.0,57.0,25.0,7.0,18.0,3.0,24.0,63.0,Win
Mirage,17.0,23.0,20.0,4.0,22.0,2.0,15.0,48.0,Lost
Inferno,32.0,25.0,10.0,3.0,21.0,0.0,60.0,23.0,Lost
Mirage,7.0,40.0,14.0,10.0,24.0,0.0,26.0,45.0,Lost
Mirage,17.0,24.0,13.0,6.0,22.0,2.0,30.0,41.0,Win
Inferno,28.0,36.0,11.0,2.0,9.0,1.0,36.0,29.0,Win
Mirage,3.0,38.0,18.0,5.0,19.0,2.0,38.0,47.0,Lost
Mirage,4.0,27.0,9.0,6.0,21.0,0.0,22.0,27.0,Lost
Mirage,2.0,36.0,17.0,4.0,17.0,4.0,38.0,47.0,Win
Mirage,3.0,40.0,11.0,6.0,19.0,3.0,9.0,31.0,Lost
Dust II,4.0,27.0,11.0,4.0,6.0,2.0,27.0,46.0,Win
Mirage,22.0,25.0,10.0,8.0,23.0,2.0,54.0,33.0,Lost
Cache,24.0,18.0,11.0,4.0,18.0,2.0,36.0,29.0,Lost
Dust II,10.0,0.0,2.0,3.0,7.0,0.0,0.0,7.0,Lost
Inferno,1.0,76.0,22.0,7.0,22.0,3.0,9.0,55.0,Win
Mirage,56.0,56.0,29.0,3.0,22.0,3.0,27.0,70.0,Tie
Mirage,1.0,36.0,15.0,5.0,22.0,1.0,26.0,41.0,Tie
Mirage,52.0,145.0,15.0,5.0,18.0,1.0,40.0,39.0,Lost
Inferno,11.0,40.0,20.0,5.0,14.0,3.0,20.0,51.0,Win
Inferno,53.0,38.0,24.0,2.0,10.0,6.0,20.0,57.0,Win
Mirage,23.0,23.0,24.0,8.0,20.0,6.0,32.0,60.0,Win
Inferno,1.0,84.0,15.0,3.0,17.0,1.0,46.0,40.0,Win
Mirage,5.0,22.0,17.0,3.0,7.0,1.0,23.0,38.0,Win
Mirage,147.0,42.0,18.0,5.0,22.0,1.0,22.0,52.0,Lost
Inferno,1.0,44.0,10.0,2.0,17.0,1.0,40.0,24.0,Lost
Mirage,8.0,46.0,14.0,3.0,17.0,0.0,21.0,33.0,Lost
Mirage,22.0,49.0,26.0,4.0,14.0,4.0,19.0,64.0,Win
Mirage,5.0,0.0,0.0,1.0,7.0,0.0,0.0,1.0,Lost
Inferno,44.0,70.0,13.0,8.0,8.0,2.0,38.0,38.0,Win
Inferno,6.0,47.0,21.0,5.0,17.0,4.0,23.0,53.0,Lost
Mirage,29.0,39.0,14.0,1.0,21.0,2.0,42.0,34.0,Lost
Inferno,39.0,37.0,11.0,10.0,13.0,1.0,41.0,42.0,Win
Inferno,1.0,23.0,22.0,6.0,17.0,5.0,36.0,64.0,Win
Dust II,2.0,21.0,9.0,7.0,16.0,3.0,11.0,37.0,Win
Dust II,28.0,45.0,9.0,1.0,1.0,2.0,11.0,19.0,Win
Mirage,8.0,39.0,14.0,9.0,18.0,3.0,7.0,41.0,Lost
Mirage,10.0,35.0,19.0,6.0,17.0,2.0,26.0,55.0,Tie
Mirage,60.0,36.0,9.0,5.0,6.0,2.0,22.0,35.0,Win
Inferno,60.0,0.0,11.0,2.0,16.0,1.0,45.0,24.0,Lost
Mirage,7.0,35.0,15.0,6.0,19.0,1.0,46.0,49.0,Win
Mirage,25.0,23.0,21.0,3.0,15.0,3.0,33.0,56.0,Win
Inferno,26.0,35.0,13.0,2.0,13.0,3.0,46.0,32.0,Win
Mirage,6.0,23.0,16.0,7.0,15.0,2.0,18.0,47.0,Win
Mirage,1.0,37.0,17.0,3.0,20.0,1.0,17.0,48.0,Lost
Mirage,73.0,37.0,23.0,7.0,21.0,4.0,26.0,57.0,Lost
Inferno,1.0,24.0,18.0,6.0,20.0,2.0,16.0,46.0,Lost
Inferno,25.0,39.0,16.0,2.0,9.0,2.0,37.0,44.0,Win
Inferno,13.0,66.0,6.0,4.0,17.0,1.0,71.0,16.0,Lost
Mirage,3.0,25.0,10.0,4.0,20.0,0.0,30.0,26.0,Lost
Dust II,3.0,35.0,26.0,5.0,21.0,4.0,53.0,62.0,Win
Dust II,0.0,42.0,22.0,5.0,21.0,1.0,27.0,54.0,Win
Inferno,13.0,28.0,16.0,11.0,7.0,3.0,23.0,44.0,Win
Dust II,2.0,41.0,8.0,5.0,18.0,1.0,37.0,25.0,Lost
Mirage,15.0,30.0,9.0,1.0,20.0,0.0,11.0,19.0,Lost
Mirage,17.0,34.0,19.0,2.0,16.0,3.0,26.0,49.0,Win
Inferno,69.0,28.0,13.0,7.0,8.0,0.0,23.0,39.0,Win
Mirage,10.0,54.0,14.0,2.0,12.0,1.0,64.0,36.0,Win
Inferno,33.0,37.0,23.0,5.0,11.0,2.0,34.0,53.0,Win
Inferno,3.0,40.0,16.0,3.0,19.0,1.0,25.0,35.0,Lost
Dust II,2.0,37.0,14.0,6.0,17.0,2.0,35.0,43.0,Win
Inferno,23.0,38.0,27.0,3.0,13.0,7.0,33.0,69.0,Win
Mirage,23.0,57.0,22.0,8.0,22.0,1.0,36.0,57.0,Lost
Mirage,77.0,48.0,15.0,1.0,9.0,2.0,26.0,39.0,Win
Inferno,6.0,27.0,13.0,4.0,15.0,0.0,30.0,30.0,Win
Inferno,27.0,36.0,20.0,10.0,17.0,1.0,14.0,64.0,Win
Dust II,1.0,40.0,13.0,4.0,16.0,0.0,23.0,30.0,Lost
Mirage,1.0,33.0,21.0,1.0,18.0,1.0,23.0,50.0,Lost
Inferno,0.0,15.0,25.0,6.0,22.0,3.0,20.0,63.0,Lost
Dust II,0.0,34.0,20.0,7.0,22.0,2.0,15.0,54.0,Lost
Mirage,20.0,19.0,5.0,1.0,16.0,1.0,40.0,11.0,Lost
Dust II,1.0,25.0,7.0,3.0,18.0,1.0,28.0,24.0,Lost
Inferno,38.0,30.0,12.0,6.0,20.0,0.0,25.0,32.0,Lost
Overpass,37.0,47.0,17.0,5.0,8.0,3.0,11.0,51.0,Win
Mirage,4.0,28.0,12.0,8.0,12.0,2.0,75.0,44.0,Win
Mirage,7.0,46.0,14.0,2.0,20.0,2.0,42.0,37.0,Lost
Mirage,10.0,34.0,18.0,4.0,19.0,0.0,27.0,45.0,Win
Mirage,20.0,32.0,12.0,4.0,17.0,0.0,25.0,36.0,Lost
Inferno,57.0,23.0,16.0,1.0,22.0,0.0,25.0,35.0,Lost
Dust II,3.0,40.0,20.0,6.0,18.0,4.0,35.0,53.0,Win
Dust II,24.0,38.0,21.0,4.0,12.0,2.0,33.0,54.0,Win
Mirage,26.0,37.0,20.0,7.0,23.0,4.0,35.0,48.0,Tie
Inferno,18.0,36.0,11.0,4.0,16.0,3.0,18.0,34.0,Lost
Mirage,26.0,32.0,15.0,2.0,20.0,1.0,26.0,32.0,Lost
Dust II,1.0,22.0,15.0,5.0,20.0,2.0,33.0,38.0,Lost
Mirage,31.0,19.0,16.0,4.0,22.0,1.0,62.0,45.0,Lost
Inferno,24.0,39.0,11.0,2.0,12.0,1.0,41.0,28.0,Win
Inferno,10.0,36.0,21.0,4.0,17.0,4.0,42.0,49.0,Lost
Mirage,50.0,35.0,16.0,5.0,11.0,5.0,12.0,51.0,Win
Dust II,58.0,37.0,13.0,5.0,17.0,0.0,35.0,36.0,Win
Inferno,49.0,23.0,7.0,6.0,19.0,1.0,57.0,20.0,Lost
Mirage,10.0,0.0,1.0,2.0,8.0,0.0,0.0,4.0,Lost
Dust II,23.0,23.0,16.0,2.0,13.0,2.0,56.0,44.0,Win
Inferno,32.0,39.0,16.0,7.0,23.0,3.0,50.0,47.0,Lost
Dust II,0.0,39.0,13.0,3.0,21.0,2.0,23.0,37.0,Lost
Dust II,3.0,35.0,12.0,4.0,20.0,1.0,33.0,32.0,Lost
Dust II,1.0,21.0,15.0,4.0,17.0,3.0,53.0,35.0,Win
Mirage,11.0,40.0,12.0,7.0,17.0,2.0,58.0,32.0,Lost
Dust II,7.0,47.0,18.0,5.0,12.0,1.0,50.0,47.0,Win
Mirage,6.0,25.0,10.0,3.0,15.0,2.0,10.0,32.0,Lost
Dust II,1.0,47.0,18.0,4.0,17.0,2.0,55.0,42.0,Win
Dust II,22.0,37.0,16.0,7.0,18.0,2.0,37.0,42.0,Win
Mirage,30.0,34.0,14.0,9.0,21.0,1.0,28.0,41.0,Win
Mirage,1.0,0.0,11.0,4.0,16.0,2.0,15.0,33.0,Lost
Dust II,3.0,21.0,8.0,1.0,19.0,2.0,37.0,26.0,Lost
Dust II,0.0,24.0,12.0,3.0,17.0,1.0,25.0,29.0,Lost
Dust II,41.0,22.0,15.0,7.0,22.0,1.0,60.0,42.0,Win
Dust II,5.0,34.0,13.0,1.0,21.0,1.0,30.0,28.0,Lost
Dust II,26.0,23.0,6.0,3.0,15.0,0.0,50.0,17.0,Win
Dust II,68.0,99.0,10.0,5.0,12.0,1.0,30.0,30.0,Win
Dust II,2.0,46.0,12.0,2.0,20.0,0.0,16.0,26.0,Lost
Dust II,29.0,41.0,19.0,6.0,21.0,2.0,31.0,51.0,Lost
Dust II,10.0,17.0,9.0,3.0,20.0,2.0,55.0,30.0,Lost
Dust II,9.0,20.0,11.0,4.0,20.0,1.0,27.0,31.0,Lost
Dust II,3.0,16.0,6.0,3.0,15.0,1.0,16.0,23.0,Win
